humanID,time,event,vectorID
972,0,S,NULL
973,0,S,NULL
974,0,S,NULL
975,0,S,NULL
976,0,S,NULL
977,0,S,NULL
978,0,S,NULL
979,0,S,NULL
980,0,S,NULL
981,0,S,NULL
982,0,I,initInf
983,0,S,NULL
984,0,S,NULL
985,0,S,NULL
986,0,S,NULL
987,0,S,NULL
988,0,S,NULL
989,0,S,NULL
990,0,S,NULL
991,0,S,NULL
992,0,S,NULL
993,0,S,NULL
994,0,I,initInf
995,0,I,initInf
1,0,S,NULL
2,0,S,NULL
3,0,S,NULL
4,0,S,NULL
5,0,S,NULL
6,0,S,NULL
7,0,S,NULL
500,0,S,NULL
8,0,I,initInf
501,0,S,NULL
9,0,S,NULL
502,0,S,NULL
503,0,S,NULL
504,0,S,NULL
505,0,S,NULL
506,0,I,initInf
507,0,S,NULL
508,0,S,NULL
509,0,S,NULL
510,0,I,initInf
511,0,S,NULL
512,0,S,NULL
513,0,S,NULL
514,0,S,NULL
515,0,S,NULL
516,0,S,NULL
517,0,S,NULL
518,0,S,NULL
519,0,S,NULL
520,0,S,NULL
521,0,S,NULL
522,0,I,initInf
523,0,S,NULL
524,0,S,NULL
525,0,S,NULL
526,0,S,NULL
527,0,S,NULL
528,0,S,NULL
529,0,S,NULL
530,0,S,NULL
531,0,S,NULL
532,0,S,NULL
533,0,S,NULL
534,0,S,NULL
535,0,S,NULL
536,0,S,NULL
537,0,I,initInf
538,0,S,NULL
539,0,S,NULL
540,0,S,NULL
541,0,S,NULL
542,0,S,NULL
543,0,S,NULL
544,0,S,NULL
545,0,S,NULL
546,0,S,NULL
547,0,S,NULL
548,0,S,NULL
549,0,S,NULL
550,0,S,NULL
551,0,I,initInf
552,0,S,NULL
553,0,S,NULL
554,0,S,NULL
555,0,I,initInf
556,0,I,initInf
557,0,S,NULL
558,0,I,initInf
559,0,S,NULL
560,0,S,NULL
561,0,S,NULL
562,0,S,NULL
563,0,S,NULL
564,0,I,initInf
565,0,S,NULL
566,0,S,NULL
567,0,S,NULL
568,0,S,NULL
569,0,S,NULL
570,0,S,NULL
571,0,S,NULL
572,0,S,NULL
573,0,S,NULL
574,0,S,NULL
575,0,S,NULL
576,0,S,NULL
577,0,I,initInf
578,0,S,NULL
579,0,S,NULL
580,0,S,NULL
581,0,S,NULL
582,0,S,NULL
583,0,S,NULL
584,0,I,initInf
585,0,S,NULL
586,0,S,NULL
587,0,S,NULL
588,0,S,NULL
589,0,S,NULL
590,0,S,NULL
591,0,S,NULL
592,0,S,NULL
593,0,I,initInf
594,0,S,NULL
595,0,S,NULL
596,0,S,NULL
597,0,S,NULL
598,0,S,NULL
599,0,S,NULL
100,0,S,NULL
101,0,S,NULL
102,0,S,NULL
103,0,S,NULL
104,0,S,NULL
105,0,S,NULL
106,0,S,NULL
107,0,S,NULL
108,0,S,NULL
109,0,S,NULL
110,0,S,NULL
111,0,S,NULL
112,0,S,NULL
113,0,S,NULL
114,0,S,NULL
115,0,S,NULL
116,0,S,NULL
117,0,I,initInf
118,0,S,NULL
119,0,S,NULL
120,0,S,NULL
121,0,S,NULL
122,0,S,NULL
123,0,S,NULL
124,0,S,NULL
125,0,S,NULL
126,0,S,NULL
127,0,S,NULL
128,0,I,initInf
129,0,S,NULL
130,0,I,initInf
131,0,S,NULL
132,0,S,NULL
133,0,S,NULL
134,0,S,NULL
135,0,S,NULL
136,0,S,NULL
137,0,S,NULL
138,0,S,NULL
139,0,S,NULL
140,0,S,NULL
141,0,S,NULL
142,0,S,NULL
143,0,S,NULL
144,0,I,initInf
145,0,S,NULL
146,0,I,initInf
147,0,S,NULL
148,0,S,NULL
149,0,S,NULL
150,0,S,NULL
151,0,S,NULL
152,0,S,NULL
153,0,S,NULL
154,0,S,NULL
155,0,S,NULL
600,0,I,initInf
156,0,S,NULL
601,0,I,initInf
157,0,S,NULL
602,0,S,NULL
158,0,S,NULL
603,0,I,initInf
159,0,S,NULL
604,0,S,NULL
605,0,S,NULL
606,0,S,NULL
607,0,I,initInf
608,0,S,NULL
609,0,I,initInf
160,0,S,NULL
161,0,S,NULL
162,0,S,NULL
163,0,S,NULL
164,0,I,initInf
165,0,S,NULL
610,0,I,initInf
166,0,I,initInf
611,0,S,NULL
167,0,I,initInf
612,0,I,initInf
168,0,S,NULL
613,0,I,initInf
169,0,S,NULL
614,0,I,initInf
615,0,S,NULL
616,0,S,NULL
617,0,S,NULL
618,0,S,NULL
619,0,S,NULL
170,0,I,initInf
171,0,S,NULL
172,0,S,NULL
173,0,S,NULL
174,0,S,NULL
175,0,S,NULL
620,0,S,NULL
176,0,S,NULL
621,0,S,NULL
177,0,S,NULL
622,0,S,NULL
178,0,S,NULL
623,0,S,NULL
179,0,S,NULL
624,0,S,NULL
625,0,S,NULL
626,0,I,initInf
627,0,I,initInf
628,0,S,NULL
629,0,I,initInf
180,0,S,NULL
181,0,S,NULL
182,0,S,NULL
183,0,S,NULL
184,0,S,NULL
185,0,S,NULL
630,0,S,NULL
186,0,I,initInf
631,0,S,NULL
187,0,S,NULL
632,0,S,NULL
188,0,I,initInf
633,0,S,NULL
189,0,S,NULL
634,0,S,NULL
635,0,S,NULL
636,0,I,initInf
637,0,S,NULL
638,0,S,NULL
639,0,S,NULL
190,0,S,NULL
191,0,S,NULL
192,0,S,NULL
193,0,S,NULL
194,0,S,NULL
195,0,S,NULL
640,0,I,initInf
196,0,S,NULL
641,0,S,NULL
197,0,S,NULL
642,0,S,NULL
198,0,I,initInf
643,0,S,NULL
199,0,I,initInf
644,0,S,NULL
645,0,S,NULL
646,0,I,initInf
647,0,S,NULL
648,0,S,NULL
649,0,S,NULL
650,0,S,NULL
651,0,S,NULL
652,0,S,NULL
653,0,I,initInf
654,0,S,NULL
655,0,S,NULL
656,0,S,NULL
657,0,S,NULL
658,0,S,NULL
659,0,S,NULL
660,0,S,NULL
661,0,S,NULL
662,0,S,NULL
663,0,S,NULL
664,0,I,initInf
665,0,I,initInf
666,0,I,initInf
667,0,I,initInf
668,0,I,initInf
669,0,S,NULL
670,0,S,NULL
671,0,S,NULL
672,0,S,NULL
673,0,S,NULL
674,0,S,NULL
675,0,I,initInf
676,0,S,NULL
677,0,S,NULL
678,0,I,initInf
679,0,S,NULL
680,0,I,initInf
681,0,I,initInf
682,0,I,initInf
683,0,S,NULL
684,0,S,NULL
685,0,I,initInf
686,0,S,NULL
687,0,S,NULL
688,0,I,initInf
689,0,I,initInf
690,0,S,NULL
691,0,S,NULL
692,0,I,initInf
693,0,S,NULL
694,0,S,NULL
695,0,S,NULL
696,0,I,initInf
697,0,S,NULL
698,0,S,NULL
699,0,S,NULL
200,0,S,NULL
201,0,S,NULL
202,0,S,NULL
203,0,S,NULL
204,0,S,NULL
205,0,S,NULL
206,0,S,NULL
207,0,I,initInf
208,0,S,NULL
209,0,S,NULL
210,0,S,NULL
211,0,S,NULL
212,0,S,NULL
213,0,S,NULL
214,0,S,NULL
215,0,S,NULL
216,0,I,initInf
217,0,S,NULL
218,0,S,NULL
219,0,S,NULL
220,0,S,NULL
221,0,S,NULL
222,0,I,initInf
223,0,I,initInf
224,0,S,NULL
225,0,S,NULL
226,0,S,NULL
227,0,S,NULL
228,0,S,NULL
229,0,S,NULL
230,0,S,NULL
231,0,S,NULL
232,0,I,initInf
233,0,I,initInf
234,0,I,initInf
235,0,S,NULL
236,0,I,initInf
237,0,S,NULL
238,0,S,NULL
239,0,S,NULL
240,0,S,NULL
241,0,S,NULL
242,0,S,NULL
243,0,I,initInf
244,0,I,initInf
245,0,S,NULL
246,0,S,NULL
247,0,S,NULL
248,0,S,NULL
249,0,S,NULL
250,0,S,NULL
251,0,S,NULL
252,0,I,initInf
253,0,I,initInf
254,0,S,NULL
255,0,S,NULL
700,0,S,NULL
256,0,S,NULL
701,0,S,NULL
257,0,S,NULL
702,0,S,NULL
258,0,S,NULL
703,0,S,NULL
259,0,S,NULL
704,0,S,NULL
705,0,S,NULL
706,0,S,NULL
707,0,I,initInf
708,0,S,NULL
709,0,S,NULL
260,0,S,NULL
261,0,S,NULL
262,0,I,initInf
263,0,S,NULL
264,0,S,NULL
265,0,I,initInf
710,0,I,initInf
266,0,S,NULL
711,0,S,NULL
267,0,S,NULL
712,0,S,NULL
268,0,S,NULL
713,0,S,NULL
269,0,S,NULL
714,0,S,NULL
715,0,S,NULL
716,0,S,NULL
717,0,S,NULL
718,0,S,NULL
719,0,I,initInf
270,0,S,NULL
271,0,S,NULL
272,0,S,NULL
273,0,S,NULL
274,0,S,NULL
275,0,S,NULL
276,0,S,NULL
720,0,I,initInf
277,0,S,NULL
721,0,S,NULL
278,0,S,NULL
722,0,S,NULL
279,0,I,initInf
723,0,S,NULL
724,0,S,NULL
725,0,S,NULL
726,0,S,NULL
727,0,I,initInf
728,0,S,NULL
729,0,S,NULL
280,0,S,NULL
281,0,S,NULL
282,0,S,NULL
283,0,S,NULL
284,0,S,NULL
285,0,S,NULL
286,0,S,NULL
730,0,S,NULL
287,0,S,NULL
731,0,S,NULL
288,0,I,initInf
732,0,S,NULL
289,0,S,NULL
733,0,I,initInf
734,0,S,NULL
735,0,S,NULL
736,0,S,NULL
737,0,I,initInf
738,0,S,NULL
739,0,S,NULL
290,0,S,NULL
291,0,S,NULL
292,0,S,NULL
293,0,S,NULL
294,0,S,NULL
295,0,S,NULL
296,0,S,NULL
740,0,S,NULL
297,0,S,NULL
741,0,S,NULL
298,0,I,initInf
742,0,S,NULL
299,0,S,NULL
743,0,I,initInf
744,0,S,NULL
745,0,I,initInf
746,0,S,NULL
747,0,I,initInf
748,0,S,NULL
749,0,S,NULL
750,0,S,NULL
751,0,S,NULL
752,0,S,NULL
753,0,S,NULL
754,0,I,initInf
755,0,S,NULL
756,0,I,initInf
757,0,S,NULL
758,0,S,NULL
759,0,I,initInf
760,0,S,NULL
761,0,S,NULL
762,0,S,NULL
763,0,S,NULL
764,0,S,NULL
765,0,S,NULL
766,0,S,NULL
767,0,I,initInf
768,0,S,NULL
769,0,S,NULL
770,0,I,initInf
771,0,S,NULL
772,0,S,NULL
773,0,S,NULL
774,0,I,initInf
775,0,S,NULL
776,0,S,NULL
777,0,S,NULL
778,0,S,NULL
779,0,S,NULL
780,0,S,NULL
781,0,I,initInf
782,0,S,NULL
783,0,S,NULL
784,0,S,NULL
785,0,S,NULL
786,0,S,NULL
787,0,S,NULL
788,0,I,initInf
789,0,S,NULL
790,0,I,initInf
791,0,S,NULL
792,0,S,NULL
793,0,S,NULL
794,0,S,NULL
795,0,S,NULL
796,0,S,NULL
797,0,S,NULL
798,0,S,NULL
799,0,S,NULL
300,0,I,initInf
301,0,S,NULL
302,0,S,NULL
303,0,I,initInf
304,0,S,NULL
305,0,S,NULL
306,0,S,NULL
307,0,S,NULL
308,0,S,NULL
309,0,S,NULL
310,0,S,NULL
311,0,S,NULL
312,0,S,NULL
313,0,S,NULL
314,0,S,NULL
315,0,S,NULL
316,0,S,NULL
317,0,I,initInf
318,0,S,NULL
319,0,S,NULL
320,0,S,NULL
321,0,S,NULL
322,0,S,NULL
323,0,S,NULL
324,0,I,initInf
325,0,I,initInf
326,0,I,initInf
327,0,S,NULL
328,0,S,NULL
329,0,S,NULL
330,0,I,initInf
331,0,S,NULL
332,0,S,NULL
333,0,I,initInf
334,0,I,initInf
335,0,S,NULL
336,0,S,NULL
337,0,S,NULL
338,0,I,initInf
339,0,S,NULL
340,0,S,NULL
341,0,S,NULL
342,0,I,initInf
343,0,S,NULL
344,0,S,NULL
345,0,S,NULL
346,0,S,NULL
347,0,S,NULL
348,0,S,NULL
349,0,S,NULL
350,0,S,NULL
351,0,S,NULL
352,0,S,NULL
353,0,S,NULL
354,0,S,NULL
355,0,I,initInf
800,0,I,initInf
356,0,S,NULL
801,0,I,initInf
357,0,S,NULL
802,0,S,NULL
358,0,S,NULL
803,0,I,initInf
359,0,I,initInf
804,0,S,NULL
805,0,S,NULL
806,0,I,initInf
807,0,I,initInf
10,0,S,NULL
808,0,S,NULL
11,0,S,NULL
809,0,S,NULL
12,0,I,initInf
360,0,S,NULL
13,0,S,NULL
361,0,S,NULL
14,0,S,NULL
362,0,S,NULL
15,0,S,NULL
363,0,S,NULL
16,0,S,NULL
364,0,S,NULL
17,0,S,NULL
365,0,S,NULL
18,0,S,NULL
810,0,S,NULL
366,0,S,NULL
19,0,I,initInf
811,0,S,NULL
367,0,S,NULL
812,0,S,NULL
368,0,S,NULL
813,0,S,NULL
369,0,I,initInf
814,0,S,NULL
815,0,S,NULL
816,0,S,NULL
817,0,S,NULL
20,0,S,NULL
818,0,S,NULL
21,0,I,initInf
819,0,I,initInf
22,0,S,NULL
370,0,S,NULL
23,0,S,NULL
371,0,S,NULL
24,0,S,NULL
372,0,S,NULL
25,0,S,NULL
373,0,S,NULL
26,0,S,NULL
374,0,I,initInf
27,0,S,NULL
375,0,S,NULL
28,0,S,NULL
820,0,I,initInf
376,0,S,NULL
29,0,S,NULL
821,0,S,NULL
377,0,S,NULL
822,0,S,NULL
378,0,S,NULL
823,0,S,NULL
379,0,I,initInf
824,0,S,NULL
825,0,S,NULL
826,0,S,NULL
827,0,I,initInf
30,0,S,NULL
828,0,S,NULL
31,0,S,NULL
829,0,I,initInf
32,0,S,NULL
380,0,S,NULL
33,0,S,NULL
381,0,S,NULL
34,0,S,NULL
382,0,I,initInf
35,0,S,NULL
383,0,I,initInf
36,0,S,NULL
384,0,S,NULL
37,0,S,NULL
385,0,S,NULL
38,0,S,NULL
830,0,S,NULL
386,0,S,NULL
39,0,S,NULL
831,0,S,NULL
387,0,S,NULL
832,0,S,NULL
388,0,S,NULL
833,0,S,NULL
389,0,S,NULL
834,0,S,NULL
835,0,S,NULL
836,0,I,initInf
837,0,I,initInf
40,0,S,NULL
838,0,S,NULL
41,0,S,NULL
839,0,I,initInf
42,0,S,NULL
390,0,S,NULL
43,0,S,NULL
391,0,S,NULL
44,0,S,NULL
392,0,S,NULL
45,0,I,initInf
393,0,S,NULL
46,0,S,NULL
394,0,S,NULL
47,0,I,initInf
395,0,S,NULL
48,0,S,NULL
840,0,S,NULL
396,0,S,NULL
49,0,S,NULL
841,0,I,initInf
397,0,S,NULL
842,0,S,NULL
398,0,S,NULL
843,0,I,initInf
399,0,S,NULL
844,0,I,initInf
845,0,S,NULL
846,0,S,NULL
847,0,S,NULL
848,0,S,NULL
50,0,I,initInf
849,0,S,NULL
51,0,S,NULL
52,0,S,NULL
53,0,S,NULL
54,0,I,initInf
55,0,S,NULL
56,0,S,NULL
57,0,S,NULL
850,0,S,NULL
58,0,S,NULL
851,0,S,NULL
59,0,I,initInf
852,0,S,NULL
853,0,S,NULL
854,0,S,NULL
855,0,S,NULL
856,0,S,NULL
857,0,I,initInf
858,0,S,NULL
60,0,S,NULL
859,0,S,NULL
61,0,S,NULL
62,0,S,NULL
63,0,S,NULL
64,0,S,NULL
65,0,S,NULL
66,0,I,initInf
67,0,S,NULL
860,0,I,initInf
68,0,S,NULL
861,0,S,NULL
69,0,I,initInf
862,0,I,initInf
863,0,S,NULL
864,0,S,NULL
865,0,S,NULL
866,0,I,initInf
867,0,S,NULL
868,0,S,NULL
70,0,S,NULL
869,0,S,NULL
71,0,I,initInf
72,0,S,NULL
73,0,S,NULL
74,0,S,NULL
75,0,S,NULL
76,0,S,NULL
77,0,S,NULL
870,0,S,NULL
78,0,S,NULL
871,0,I,initInf
79,0,S,NULL
872,0,S,NULL
873,0,S,NULL
874,0,I,initInf
875,0,S,NULL
876,0,I,initInf
877,0,S,NULL
878,0,S,NULL
80,0,S,NULL
879,0,I,initInf
81,0,I,initInf
82,0,S,NULL
83,0,S,NULL
84,0,S,NULL
85,0,S,NULL
86,0,S,NULL
87,0,S,NULL
880,0,S,NULL
88,0,S,NULL
881,0,I,initInf
89,0,S,NULL
882,0,S,NULL
883,0,S,NULL
884,0,S,NULL
885,0,S,NULL
886,0,S,NULL
887,0,S,NULL
888,0,S,NULL
90,0,I,initInf
889,0,S,NULL
91,0,S,NULL
92,0,S,NULL
93,0,S,NULL
94,0,I,initInf
95,0,S,NULL
96,0,I,initInf
97,0,S,NULL
890,0,I,initInf
98,0,S,NULL
891,0,S,NULL
99,0,S,NULL
892,0,S,NULL
893,0,S,NULL
894,0,I,initInf
895,0,S,NULL
896,0,S,NULL
897,0,S,NULL
898,0,S,NULL
899,0,S,NULL
400,0,S,NULL
401,0,I,initInf
402,0,S,NULL
403,0,S,NULL
404,0,S,NULL
405,0,S,NULL
406,0,I,initInf
407,0,S,NULL
408,0,S,NULL
409,0,S,NULL
410,0,S,NULL
411,0,S,NULL
412,0,S,NULL
413,0,S,NULL
414,0,I,initInf
415,0,S,NULL
416,0,S,NULL
417,0,S,NULL
418,0,S,NULL
419,0,I,initInf
420,0,S,NULL
421,0,S,NULL
422,0,S,NULL
423,0,S,NULL
424,0,S,NULL
425,0,S,NULL
426,0,S,NULL
427,0,S,NULL
428,0,S,NULL
429,0,I,initInf
430,0,S,NULL
431,0,S,NULL
432,0,S,NULL
433,0,S,NULL
434,0,S,NULL
435,0,S,NULL
436,0,S,NULL
437,0,I,initInf
438,0,S,NULL
439,0,S,NULL
440,0,S,NULL
441,0,S,NULL
442,0,I,initInf
443,0,S,NULL
444,0,S,NULL
445,0,S,NULL
446,0,S,NULL
447,0,I,initInf
448,0,S,NULL
449,0,I,initInf
450,0,S,NULL
451,0,I,initInf
452,0,S,NULL
453,0,S,NULL
454,0,I,initInf
455,0,S,NULL
900,0,S,NULL
456,0,S,NULL
901,0,I,initInf
457,0,S,NULL
902,0,S,NULL
458,0,I,initInf
903,0,S,NULL
459,0,S,NULL
904,0,I,initInf
905,0,I,initInf
906,0,I,initInf
907,0,I,initInf
908,0,S,NULL
909,0,S,NULL
460,0,S,NULL
461,0,I,initInf
462,0,S,NULL
463,0,S,NULL
464,0,I,initInf
465,0,S,NULL
910,0,S,NULL
466,0,S,NULL
911,0,I,initInf
467,0,I,initInf
912,0,S,NULL
468,0,S,NULL
913,0,S,NULL
469,0,S,NULL
914,0,I,initInf
915,0,S,NULL
916,0,S,NULL
917,0,S,NULL
918,0,I,initInf
919,0,S,NULL
470,0,S,NULL
471,0,S,NULL
472,0,S,NULL
473,0,S,NULL
474,0,I,initInf
475,0,S,NULL
920,0,S,NULL
476,0,S,NULL
921,0,S,NULL
477,0,S,NULL
922,0,S,NULL
478,0,S,NULL
923,0,S,NULL
479,0,S,NULL
924,0,S,NULL
925,0,I,initInf
926,0,I,initInf
927,0,S,NULL
928,0,S,NULL
929,0,S,NULL
480,0,S,NULL
481,0,S,NULL
482,0,S,NULL
483,0,S,NULL
484,0,S,NULL
485,0,S,NULL
930,0,S,NULL
486,0,S,NULL
931,0,S,NULL
487,0,I,initInf
932,0,I,initInf
488,0,S,NULL
933,0,S,NULL
489,0,S,NULL
934,0,S,NULL
935,0,S,NULL
936,0,S,NULL
937,0,S,NULL
938,0,S,NULL
939,0,S,NULL
490,0,S,NULL
491,0,S,NULL
492,0,S,NULL
493,0,S,NULL
494,0,S,NULL
495,0,S,NULL
940,0,I,initInf
496,0,S,NULL
941,0,I,initInf
497,0,I,initInf
942,0,S,NULL
498,0,S,NULL
943,0,S,NULL
499,0,S,NULL
944,0,S,NULL
945,0,S,NULL
946,0,I,initInf
947,0,S,NULL
948,0,S,NULL
949,0,I,initInf
950,0,S,NULL
951,0,I,initInf
952,0,S,NULL
953,0,S,NULL
954,0,S,NULL
955,0,S,NULL
956,0,I,initInf
957,0,S,NULL
958,0,S,NULL
959,0,S,NULL
960,0,S,NULL
961,0,S,NULL
962,0,I,initInf
963,0,S,NULL
964,0,S,NULL
965,0,S,NULL
966,0,S,NULL
967,0,S,NULL
968,0,S,NULL
969,0,S,NULL
970,0,I,initInf
971,0,S,NULL
781,3.93609626964846,S,NULL
330,5.01783135206348,S,NULL
733,6.21046023443341,S,NULL
447,6.3295504078269,S,NULL
442,9.71561139449477,S,NULL
577,10,F,NULL
584,10,F,NULL
117,10,F,NULL
164,10.9243107959628,S,NULL
167,10,F,NULL
689,10,F,NULL
233,10,F,NULL
790,10,F,NULL
355,10,F,NULL
374,10,F,NULL
47,10,F,NULL
866,10,F,NULL
71,10,F,NULL
90,10,F,NULL
94,10,F,NULL
437,10,F,NULL
906,10,F,NULL
926,10,F,NULL
497,10,F,NULL
956,10,F,NULL
970,10,F,NULL
577,11,P,NULL
584,11.8522411212325,S,NULL
117,11,P,NULL
689,11,P,NULL
233,11,P,NULL
253,11.2195516936481,S,NULL
737,11.012679863598,S,NULL
790,11,P,NULL
355,11,P,NULL
374,11,P,NULL
47,11,P,NULL
866,11,P,NULL
90,11,P,NULL
437,11,P,NULL
906,11,P,NULL
497,11,P,NULL
970,11,P,NULL
962,12.3636018571902,S,NULL
839,13.9446918852627,S,NULL
561,14,I,SimBite
188,15.1246050429989,S,NULL
629,16.8521697632968,S,NULL
198,19.9109220859964,S,NULL
753,19,I,SimBite
11,20,I,SimBite
50,20.5255813896656,S,NULL
696,21.6708244755864,S,NULL
456,21,I,SimBite
525,23,I,SimBite
774,24.6690642164533,S,NULL
428,25,I,SimBite
957,25,I,SimBite
911,26.8541851080954,S,NULL
824,27,I,SimBite
617,29,I,SimBite
710,29.4789043846888,S,NULL
508,30,I,SimBite
101,30,I,SimBite
161,30,I,SimBite
711,31,I,SimBite
959,31,I,SimBite
627,32.8821080736816,S,NULL
771,32,I,SimBite
935,32,I,SimBite
557,34,I,SimBite
239,35,I,SimBite
856,35,I,SimBite
94,35.0911108776927,S,NULL
914,36.2704340368509,S,NULL
300,37.8812200856512,S,NULL
662,38,I,SimBite
252,38.5793822817504,S,NULL
336,38,I,SimBite
429,38.5326613672078,S,NULL
474,38.7226041092616,S,NULL
161,40,F,NULL
957,40.9561390070554,S,NULL
5,41,I,SimBite
577,41,P2S,NULL
117,41,P2S,NULL
608,41,I,SimBite
161,41,P,NULL
689,41,P2S,NULL
233,41,P2S,NULL
270,41,I,SimBite
747,41.4382766000926,S,NULL
790,41,P2S,NULL
355,41,P2S,NULL
374,41,P2S,NULL
382,41.1015203569922,S,NULL
47,41,P2S,NULL
866,41,P2S,NULL
90,41,P2S,NULL
437,41,P2S,NULL
906,41,P2S,NULL
497,41,P2S,NULL
970,41,P2S,NULL
557,42.4147079847753,S,NULL
525,43.3923543915153,S,NULL
752,43,I,SimBite
456,43.9201142952644,S,NULL
571,45,I,SimBite
167,45.3337285488076,S,NULL
615,45,I,SimBite
686,45,I,SimBite
574,46,I,SimBite
108,46,I,SimBite
453,46,I,SimBite
522,47.0054901741938,S,NULL
262,47.9882567065018,S,NULL
744,48,I,SimBite
788,48.1711702421308,S,NULL
854,48,I,SimBite
574,49.5832940600812,S,NULL
114,49,I,SimBite
619,49,I,SimBite
653,49.5469569190828,S,NULL
727,49.3742837570608,S,NULL
819,49.7458190657198,S,NULL
5,51,F,NULL
5,52,P,NULL
589,52,I,SimBite
201,52,I,SimBite
232,52.5789185491391,S,NULL
96,52.1163154393435,S,NULL
309,55,I,SimBite
597,57,I,SimBite
731,57,I,SimBite
326,57.7324060723186,S,NULL
844,57.3009460001724,S,NULL
765,58,I,SimBite
874,58.6516300216317,S,NULL
511,59,I,SimBite
372,59,I,SimBite
294,61,I,SimBite
44,61,I,SimBite
589,62,F,NULL
782,62,I,SimBite
646,63.551043625921,S,NULL
763,63,I,SimBite
201,64.9569727927446,S,NULL
295,64,I,SimBite
850,66,I,SimBite
597,67,F,NULL
683,67,I,SimBite
714,67,I,SimBite
371,67,I,SimBite
488,67,I,SimBite
948,67,I,SimBite
503,68,I,SimBite
959,68.4632296152413,S,NULL
572,69,I,SimBite
371,69.8126584365964,S,NULL
767,70.323249977082,S,NULL
324,70.0814885345177,S,NULL
941,70.305398479104,S,NULL
591,71,I,SimBite
161,71,P2S,NULL
753,71.4479766376317,S,NULL
724,72,I,SimBite
294,72.1523222449222,S,NULL
644,73,I,SimBite
943,73,I,SimBite
59,74.4523577392101,S,NULL
188,76,I,SimBite
93,76,I,SimBite
893,76,I,SimBite
683,77,F,NULL
843,78.477035369724,S,NULL
188,79.2615123568259,S,NULL
767,79,I,SimBite
622,80,I,SimBite
636,81.1114973388612,S,NULL
688,81.572220559178,S,NULL
988,82,I,SimBite
5,82,P2S,NULL
232,82,I,SimBite
724,82,F,NULL
952,82,I,SimBite
686,83.4441704489291,S,NULL
724,83,P,NULL
799,83,I,SimBite
636,84,I,SimBite
515,85,I,SimBite
756,85.9864849597216,S,NULL
380,85,I,SimBite
940,85.8910901471972,S,NULL
93,86,F,NULL
807,87.5440463423729,S,NULL
93,87,P,NULL
662,88.1069200225174,S,NULL
8,89.4843784160912,S,NULL
576,89,I,SimBite
1,90,PEvaxx,NULL
2,90,PEvaxx,NULL
3,90,PEvaxx,NULL
4,90,PEvaxx,NULL
5,90,PEvaxx,NULL
6,90,PEvaxx,NULL
7,90,PEvaxx,NULL
8,90,PEvaxx,NULL
9,90,PEvaxx,NULL
100,90,PEvaxx,NULL
101,90,PEvaxx,NULL
102,90,PEvaxx,NULL
103,90,PEvaxx,NULL
104,90,PEvaxx,NULL
105,90,PEvaxx,NULL
106,90,PEvaxx,NULL
107,90,PEvaxx,NULL
108,90,PEvaxx,NULL
109,90,PEvaxx,NULL
110,90,PEvaxx,NULL
111,90,PEvaxx,NULL
112,90,PEvaxx,NULL
113,90,PEvaxx,NULL
114,90,PEvaxx,NULL
115,90,PEvaxx,NULL
116,90,PEvaxx,NULL
117,90,PEvaxx,NULL
118,90,PEvaxx,NULL
119,90,PEvaxx,NULL
120,90,PEvaxx,NULL
121,90,PEvaxx,NULL
122,90,PEvaxx,NULL
123,90,PEvaxx,NULL
124,90,PEvaxx,NULL
125,90,PEvaxx,NULL
126,90,PEvaxx,NULL
127,90,PEvaxx,NULL
128,90,PEvaxx,NULL
129,90,PEvaxx,NULL
130,90,PEvaxx,NULL
131,90,PEvaxx,NULL
132,90,PEvaxx,NULL
133,90,PEvaxx,NULL
134,90,PEvaxx,NULL
135,90,PEvaxx,NULL
136,90,PEvaxx,NULL
137,90,PEvaxx,NULL
138,90,PEvaxx,NULL
139,90,PEvaxx,NULL
140,90,PEvaxx,NULL
141,90,PEvaxx,NULL
142,90,PEvaxx,NULL
143,90,PEvaxx,NULL
144,90,PEvaxx,NULL
145,90,PEvaxx,NULL
146,90,PEvaxx,NULL
147,90,PEvaxx,NULL
148,90,PEvaxx,NULL
149,90,PEvaxx,NULL
150,90,PEvaxx,NULL
151,90,PEvaxx,NULL
152,90,PEvaxx,NULL
153,90,PEvaxx,NULL
154,90,PEvaxx,NULL
155,90,PEvaxx,NULL
156,90,PEvaxx,NULL
157,90,PEvaxx,NULL
158,90,PEvaxx,NULL
159,90,PEvaxx,NULL
160,90,PEvaxx,NULL
161,90,PEvaxx,NULL
162,90,PEvaxx,NULL
163,90,PEvaxx,NULL
164,90,PEvaxx,NULL
165,90,PEvaxx,NULL
166,90,PEvaxx,NULL
167,90,PEvaxx,NULL
168,90,PEvaxx,NULL
169,90,PEvaxx,NULL
170,90,PEvaxx,NULL
171,90,PEvaxx,NULL
172,90,PEvaxx,NULL
173,90,PEvaxx,NULL
174,90,PEvaxx,NULL
175,90,PEvaxx,NULL
176,90,PEvaxx,NULL
177,90,PEvaxx,NULL
178,90,PEvaxx,NULL
179,90,PEvaxx,NULL
180,90,PEvaxx,NULL
181,90,PEvaxx,NULL
182,90,PEvaxx,NULL
183,90,PEvaxx,NULL
184,90,PEvaxx,NULL
185,90,PEvaxx,NULL
186,90,PEvaxx,NULL
187,90,PEvaxx,NULL
188,90,PEvaxx,NULL
189,90,PEvaxx,NULL
190,90,PEvaxx,NULL
191,90,PEvaxx,NULL
192,90,PEvaxx,NULL
193,90,PEvaxx,NULL
194,90,PEvaxx,NULL
195,90,PEvaxx,NULL
196,90,PEvaxx,NULL
197,90,PEvaxx,NULL
198,90,PEvaxx,NULL
199,90,PEvaxx,NULL
200,90,PEvaxx,NULL
201,90,PEvaxx,NULL
202,90,PEvaxx,NULL
203,90,PEvaxx,NULL
204,90,PEvaxx,NULL
205,90,PEvaxx,NULL
206,90,PEvaxx,NULL
207,90,PEvaxx,NULL
208,90,PEvaxx,NULL
209,90,PEvaxx,NULL
210,90,PEvaxx,NULL
211,90,PEvaxx,NULL
212,90,PEvaxx,NULL
214,90,PEvaxx,NULL
215,90,PEvaxx,NULL
216,90,PEvaxx,NULL
217,90,PEvaxx,NULL
218,90,PEvaxx,NULL
219,90,PEvaxx,NULL
220,90,PEvaxx,NULL
221,90,PEvaxx,NULL
222,90,PEvaxx,NULL
223,90,PEvaxx,NULL
224,90,PEvaxx,NULL
225,90,PEvaxx,NULL
226,90,PEvaxx,NULL
227,90,PEvaxx,NULL
228,90,PEvaxx,NULL
229,90,PEvaxx,NULL
230,90,PEvaxx,NULL
231,90,PEvaxx,NULL
232,90,PEvaxx,NULL
233,90,PEvaxx,NULL
234,90,PEvaxx,NULL
235,90,PEvaxx,NULL
236,90,PEvaxx,NULL
237,90,PEvaxx,NULL
238,90,PEvaxx,NULL
239,90,PEvaxx,NULL
240,90,PEvaxx,NULL
241,90,PEvaxx,NULL
242,90,PEvaxx,NULL
243,90,PEvaxx,NULL
244,90,PEvaxx,NULL
245,90,PEvaxx,NULL
246,90,PEvaxx,NULL
247,90,PEvaxx,NULL
248,90,PEvaxx,NULL
249,90,PEvaxx,NULL
250,90,PEvaxx,NULL
251,90,PEvaxx,NULL
252,90,PEvaxx,NULL
253,90,PEvaxx,NULL
254,90,PEvaxx,NULL
255,90,PEvaxx,NULL
256,90,PEvaxx,NULL
257,90,PEvaxx,NULL
258,90,PEvaxx,NULL
259,90,PEvaxx,NULL
260,90,PEvaxx,NULL
261,90,PEvaxx,NULL
262,90,PEvaxx,NULL
263,90,PEvaxx,NULL
264,90,PEvaxx,NULL
265,90,PEvaxx,NULL
266,90,PEvaxx,NULL
267,90,PEvaxx,NULL
268,90,PEvaxx,NULL
269,90,PEvaxx,NULL
270,90,PEvaxx,NULL
271,90,PEvaxx,NULL
272,90,PEvaxx,NULL
273,90,PEvaxx,NULL
274,90,PEvaxx,NULL
275,90,PEvaxx,NULL
276,90,PEvaxx,NULL
277,90,PEvaxx,NULL
278,90,PEvaxx,NULL
279,90,PEvaxx,NULL
280,90,PEvaxx,NULL
281,90,PEvaxx,NULL
282,90,PEvaxx,NULL
283,90,PEvaxx,NULL
284,90,PEvaxx,NULL
285,90,PEvaxx,NULL
286,90,PEvaxx,NULL
287,90,PEvaxx,NULL
288,90,PEvaxx,NULL
289,90,PEvaxx,NULL
290,90,PEvaxx,NULL
291,90,PEvaxx,NULL
292,90,PEvaxx,NULL
293,90,PEvaxx,NULL
294,90,PEvaxx,NULL
295,90,PEvaxx,NULL
296,90,PEvaxx,NULL
297,90,PEvaxx,NULL
298,90,PEvaxx,NULL
299,90,PEvaxx,NULL
300,90,PEvaxx,NULL
301,90,PEvaxx,NULL
302,90,PEvaxx,NULL
303,90,PEvaxx,NULL
304,90,PEvaxx,NULL
305,90,PEvaxx,NULL
306,90,PEvaxx,NULL
307,90,PEvaxx,NULL
308,90,PEvaxx,NULL
309,90,PEvaxx,NULL
310,90,PEvaxx,NULL
311,90,PEvaxx,NULL
312,90,PEvaxx,NULL
313,90,PEvaxx,NULL
314,90,PEvaxx,NULL
315,90,PEvaxx,NULL
316,90,PEvaxx,NULL
317,90,PEvaxx,NULL
318,90,PEvaxx,NULL
319,90,PEvaxx,NULL
320,90,PEvaxx,NULL
321,90,PEvaxx,NULL
322,90,PEvaxx,NULL
323,90,PEvaxx,NULL
324,90,PEvaxx,NULL
325,90,PEvaxx,NULL
326,90,PEvaxx,NULL
327,90,PEvaxx,NULL
328,90,PEvaxx,NULL
329,90,PEvaxx,NULL
330,90,PEvaxx,NULL
331,90,PEvaxx,NULL
332,90,PEvaxx,NULL
333,90,PEvaxx,NULL
334,90,PEvaxx,NULL
335,90,PEvaxx,NULL
336,90,PEvaxx,NULL
337,90,PEvaxx,NULL
338,90,PEvaxx,NULL
339,90,PEvaxx,NULL
340,90,PEvaxx,NULL
341,90,PEvaxx,NULL
342,90,PEvaxx,NULL
343,90,PEvaxx,NULL
344,90,PEvaxx,NULL
345,90,PEvaxx,NULL
346,90,PEvaxx,NULL
347,90,PEvaxx,NULL
348,90,PEvaxx,NULL
349,90,PEvaxx,NULL
350,90,PEvaxx,NULL
351,90,PEvaxx,NULL
352,90,PEvaxx,NULL
353,90,PEvaxx,NULL
354,90,PEvaxx,NULL
355,90,PEvaxx,NULL
356,90,PEvaxx,NULL
357,90,PEvaxx,NULL
358,90,PEvaxx,NULL
359,90,PEvaxx,NULL
10,90,PEvaxx,NULL
11,90,PEvaxx,NULL
12,90,PEvaxx,NULL
360,90,PEvaxx,NULL
13,90,PEvaxx,NULL
361,90,PEvaxx,NULL
14,90,PEvaxx,NULL
362,90,PEvaxx,NULL
15,90,PEvaxx,NULL
363,90,PEvaxx,NULL
16,90,PEvaxx,NULL
364,90,PEvaxx,NULL
17,90,PEvaxx,NULL
365,90,PEvaxx,NULL
18,90,PEvaxx,NULL
366,90,PEvaxx,NULL
19,90,PEvaxx,NULL
367,90,PEvaxx,NULL
368,90,PEvaxx,NULL
369,90,PEvaxx,NULL
20,90,PEvaxx,NULL
21,90,PEvaxx,NULL
22,90,PEvaxx,NULL
370,90,PEvaxx,NULL
23,90,PEvaxx,NULL
371,90,PEvaxx,NULL
24,90,PEvaxx,NULL
372,90,PEvaxx,NULL
25,90,PEvaxx,NULL
373,90,PEvaxx,NULL
374,90,PEvaxx,NULL
27,90,PEvaxx,NULL
375,90,PEvaxx,NULL
28,90,PEvaxx,NULL
376,90,PEvaxx,NULL
29,90,PEvaxx,NULL
377,90,PEvaxx,NULL
378,90,PEvaxx,NULL
379,90,PEvaxx,NULL
30,90,PEvaxx,NULL
31,90,PEvaxx,NULL
32,90,PEvaxx,NULL
380,90,PEvaxx,NULL
33,90,PEvaxx,NULL
381,90,PEvaxx,NULL
34,90,PEvaxx,NULL
382,90,PEvaxx,NULL
35,90,PEvaxx,NULL
383,90,PEvaxx,NULL
36,90,PEvaxx,NULL
384,90,PEvaxx,NULL
37,90,PEvaxx,NULL
385,90,PEvaxx,NULL
38,90,PEvaxx,NULL
386,90,PEvaxx,NULL
39,90,PEvaxx,NULL
387,90,PEvaxx,NULL
388,90,PEvaxx,NULL
389,90,PEvaxx,NULL
40,90,PEvaxx,NULL
41,90,PEvaxx,NULL
42,90,PEvaxx,NULL
390,90,PEvaxx,NULL
43,90,PEvaxx,NULL
391,90,PEvaxx,NULL
44,90,PEvaxx,NULL
392,90,PEvaxx,NULL
45,90,PEvaxx,NULL
393,90,PEvaxx,NULL
46,90,PEvaxx,NULL
394,90,PEvaxx,NULL
47,90,PEvaxx,NULL
395,90,PEvaxx,NULL
48,90,PEvaxx,NULL
396,90,PEvaxx,NULL
49,90,PEvaxx,NULL
397,90,PEvaxx,NULL
398,90,PEvaxx,NULL
399,90,PEvaxx,NULL
50,90,PEvaxx,NULL
51,90,PEvaxx,NULL
52,90,PEvaxx,NULL
53,90,PEvaxx,NULL
54,90,PEvaxx,NULL
55,90,PEvaxx,NULL
56,90,PEvaxx,NULL
57,90,PEvaxx,NULL
58,90,PEvaxx,NULL
59,90,PEvaxx,NULL
60,90,PEvaxx,NULL
61,90,PEvaxx,NULL
62,90,PEvaxx,NULL
63,90,PEvaxx,NULL
64,90,PEvaxx,NULL
65,90,PEvaxx,NULL
66,90,PEvaxx,NULL
67,90,PEvaxx,NULL
68,90,PEvaxx,NULL
69,90,PEvaxx,NULL
70,90,PEvaxx,NULL
71,90,PEvaxx,NULL
72,90,PEvaxx,NULL
73,90,PEvaxx,NULL
74,90,PEvaxx,NULL
75,90,PEvaxx,NULL
76,90,PEvaxx,NULL
77,90,PEvaxx,NULL
78,90,PEvaxx,NULL
79,90,PEvaxx,NULL
80,90,PEvaxx,NULL
81,90,PEvaxx,NULL
82,90,PEvaxx,NULL
83,90,PEvaxx,NULL
84,90,PEvaxx,NULL
85,90,PEvaxx,NULL
86,90,PEvaxx,NULL
87,90,PEvaxx,NULL
88,90,PEvaxx,NULL
89,90,PEvaxx,NULL
90,90,PEvaxx,NULL
91,90,PEvaxx,NULL
92,90,PEvaxx,NULL
93,90,PEvaxx,NULL
94,90,PEvaxx,NULL
95,90,PEvaxx,NULL
96,90,PEvaxx,NULL
97,90,PEvaxx,NULL
98,90,PEvaxx,NULL
99,90,PEvaxx,NULL
400,90,PEvaxx,NULL
401,90,PEvaxx,NULL
402,90,PEvaxx,NULL
403,90,PEvaxx,NULL
404,90,PEvaxx,NULL
405,90,PEvaxx,NULL
406,90,PEvaxx,NULL
407,90,PEvaxx,NULL
408,90,PEvaxx,NULL
409,90,PEvaxx,NULL
410,90,PEvaxx,NULL
411,90,PEvaxx,NULL
412,90,PEvaxx,NULL
413,90,PEvaxx,NULL
414,90,PEvaxx,NULL
415,90,PEvaxx,NULL
416,90,PEvaxx,NULL
417,90,PEvaxx,NULL
418,90,PEvaxx,NULL
419,90,PEvaxx,NULL
420,90,PEvaxx,NULL
421,90,PEvaxx,NULL
422,90,PEvaxx,NULL
423,90,PEvaxx,NULL
424,90,PEvaxx,NULL
425,90,PEvaxx,NULL
426,90,PEvaxx,NULL
427,90,PEvaxx,NULL
428,90,PEvaxx,NULL
429,90,PEvaxx,NULL
430,90,PEvaxx,NULL
431,90,PEvaxx,NULL
432,90,PEvaxx,NULL
433,90,PEvaxx,NULL
434,90,PEvaxx,NULL
435,90,PEvaxx,NULL
436,90,PEvaxx,NULL
437,90,PEvaxx,NULL
438,90,PEvaxx,NULL
439,90,PEvaxx,NULL
440,90,PEvaxx,NULL
441,90,PEvaxx,NULL
442,90,PEvaxx,NULL
443,90,PEvaxx,NULL
444,90,PEvaxx,NULL
445,90,PEvaxx,NULL
446,90,PEvaxx,NULL
447,90,PEvaxx,NULL
448,90,PEvaxx,NULL
449,90,PEvaxx,NULL
450,90,PEvaxx,NULL
451,90,PEvaxx,NULL
452,90,PEvaxx,NULL
453,90,PEvaxx,NULL
454,90,PEvaxx,NULL
455,90,PEvaxx,NULL
456,90,PEvaxx,NULL
457,90,PEvaxx,NULL
458,90,PEvaxx,NULL
459,90,PEvaxx,NULL
460,90,PEvaxx,NULL
461,90,PEvaxx,NULL
462,90,PEvaxx,NULL
463,90,PEvaxx,NULL
464,90,PEvaxx,NULL
465,90,PEvaxx,NULL
466,90,PEvaxx,NULL
467,90,PEvaxx,NULL
468,90,PEvaxx,NULL
469,90,PEvaxx,NULL
470,90,PEvaxx,NULL
471,90,PEvaxx,NULL
472,90,PEvaxx,NULL
473,90,PEvaxx,NULL
474,90,PEvaxx,NULL
475,90,PEvaxx,NULL
476,90,PEvaxx,NULL
477,90,PEvaxx,NULL
478,90,PEvaxx,NULL
479,90,PEvaxx,NULL
480,90,PEvaxx,NULL
481,90,PEvaxx,NULL
482,90,PEvaxx,NULL
483,90,PEvaxx,NULL
484,90,PEvaxx,NULL
485,90,PEvaxx,NULL
486,90,PEvaxx,NULL
487,90,PEvaxx,NULL
488,90,PEvaxx,NULL
489,90,PEvaxx,NULL
490,90,PEvaxx,NULL
491,90,PEvaxx,NULL
492,90,PEvaxx,NULL
493,90,PEvaxx,NULL
494,90,PEvaxx,NULL
495,90,PEvaxx,NULL
496,90,PEvaxx,NULL
497,90,PEvaxx,NULL
498,90,PEvaxx,NULL
499,90,PEvaxx,NULL
972,91,P,NULL
973,91,P,NULL
974,91,P,NULL
975,91,P,NULL
976,91,P,NULL
977,91,P,NULL
978,91,P,NULL
979,91,P,NULL
980,91,P,NULL
981,91,P,NULL
982,91,P,NULL
983,91,P,NULL
984,91,P,NULL
985,91,P,NULL
986,91,P,NULL
987,91,P,NULL
988,91,P,NULL
989,91,P,NULL
990,91,P,NULL
991,91,P,NULL
992,91,P,NULL
993,91,P,NULL
994,91,P,NULL
995,91,P,NULL
1,91,P,NULL
2,91,P,NULL
3,91,P,NULL
4,91,P,NULL
5,91,P,NULL
6,91,P,NULL
7,91,P,NULL
500,91,P,NULL
8,91,P,NULL
501,91,P,NULL
9,91,P,NULL
502,91,P,NULL
503,91,P,NULL
504,91,P,NULL
505,91,P,NULL
506,91,P,NULL
507,91,P,NULL
508,91,P,NULL
509,91,P,NULL
510,91,P,NULL
511,91,P,NULL
512,91,P,NULL
513,91,P,NULL
514,91,P,NULL
515,91,P,NULL
516,91,P,NULL
517,91,P,NULL
518,91,P,NULL
519,91,P,NULL
520,91,P,NULL
521,91,P,NULL
522,91,P,NULL
523,91,P,NULL
524,91,P,NULL
525,91,P,NULL
526,91,P,NULL
527,91,P,NULL
528,91,P,NULL
529,91,P,NULL
530,91,P,NULL
531,91,P,NULL
532,91,P,NULL
533,91,P,NULL
534,91,P,NULL
535,91,P,NULL
536,91,P,NULL
537,91,P,NULL
538,91,P,NULL
539,91,P,NULL
540,91,P,NULL
541,91,P,NULL
542,91,P,NULL
543,91,P,NULL
544,91,P,NULL
545,91,P,NULL
546,91,P,NULL
547,91,P,NULL
548,91,P,NULL
549,91,P,NULL
550,91,P,NULL
551,91,P,NULL
552,91,P,NULL
553,91,P,NULL
554,91,P,NULL
555,91,P,NULL
556,91,P,NULL
557,91,P,NULL
558,91,P,NULL
559,91,P,NULL
560,91,P,NULL
561,91,P,NULL
562,91,P,NULL
563,91,P,NULL
564,91,P,NULL
565,91,P,NULL
566,91,P,NULL
567,91,P,NULL
568,91,P,NULL
569,91,P,NULL
570,91,P,NULL
571,91,P,NULL
572,91,P,NULL
573,91,P,NULL
574,91,P,NULL
575,91,P,NULL
576,91,P,NULL
577,91,P,NULL
578,91,P,NULL
579,91,P,NULL
580,91,P,NULL
581,91,P,NULL
582,91,P,NULL
583,91,P,NULL
584,91,P,NULL
585,91,P,NULL
586,91,P,NULL
587,91,P,NULL
588,91,P,NULL
589,91,P,NULL
590,91,P,NULL
591,91,P,NULL
592,91,P,NULL
593,91,P,NULL
594,91,P,NULL
595,91,P,NULL
596,91,P,NULL
597,91,P,NULL
598,91,P,NULL
599,91,P,NULL
100,91,P,NULL
101,91,P,NULL
102,91,P,NULL
103,91,P,NULL
104,91,P,NULL
105,91,P,NULL
106,91,P,NULL
107,91,P,NULL
108,91,P,NULL
109,91,P,NULL
110,91,P,NULL
111,91,P,NULL
112,91,P,NULL
113,91,P,NULL
114,91,P,NULL
115,91,P,NULL
116,91,P,NULL
117,91,P,NULL
118,91,P,NULL
119,91,P,NULL
120,91,P,NULL
121,91,P,NULL
122,91,P,NULL
123,91,P,NULL
124,91,P,NULL
125,91,P,NULL
126,91,P,NULL
127,91,P,NULL
128,91,P,NULL
129,91,P,NULL
130,91,P,NULL
131,91,P,NULL
132,91,P,NULL
133,91,P,NULL
134,91,P,NULL
135,91,P,NULL
136,91,P,NULL
137,91,P,NULL
138,91,P,NULL
139,91,P,NULL
140,91,P,NULL
141,91,P,NULL
142,91,P,NULL
143,91,P,NULL
144,91,P,NULL
145,91,P,NULL
146,91,P,NULL
147,91,P,NULL
148,91,P,NULL
149,91,P,NULL
150,91,P,NULL
151,91,P,NULL
152,91,P,NULL
153,91,P,NULL
154,91,P,NULL
155,91,P,NULL
600,91,P,NULL
156,91,P,NULL
601,91,P,NULL
157,91,P,NULL
602,91,P,NULL
158,91,P,NULL
603,91,P,NULL
159,91,P,NULL
604,91,P,NULL
605,91,P,NULL
606,91,P,NULL
607,91,P,NULL
608,91,P,NULL
609,91,P,NULL
160,91,P,NULL
161,91,P,NULL
162,91,P,NULL
163,91,P,NULL
164,91,P,NULL
165,91,P,NULL
610,91,P,NULL
166,91,P,NULL
611,91,P,NULL
167,91,P,NULL
612,91,P,NULL
168,91,P,NULL
613,91,P,NULL
169,91,P,NULL
614,91,P,NULL
615,91,P,NULL
616,91,P,NULL
617,91,P,NULL
618,91,P,NULL
619,91,P,NULL
170,91,P,NULL
171,91,P,NULL
172,91,P,NULL
173,91,P,NULL
174,91,P,NULL
175,91,P,NULL
620,91,P,NULL
176,91,P,NULL
621,91,P,NULL
177,91,P,NULL
622,91,P,NULL
178,91,P,NULL
623,91,P,NULL
179,91,P,NULL
624,91,P,NULL
625,91,P,NULL
626,91,P,NULL
627,91,P,NULL
628,91,P,NULL
629,91,P,NULL
180,91,P,NULL
181,91,P,NULL
182,91,P,NULL
183,91,P,NULL
184,91,P,NULL
185,91,P,NULL
630,91,P,NULL
186,91,P,NULL
631,91,P,NULL
187,91,P,NULL
632,91,P,NULL
188,91,P,NULL
633,91,P,NULL
189,91,P,NULL
634,91,P,NULL
635,91,P,NULL
636,91,P,NULL
637,91,P,NULL
638,91,P,NULL
639,91,P,NULL
190,91,P,NULL
191,91,P,NULL
192,91,P,NULL
193,91,P,NULL
194,91,P,NULL
195,91,P,NULL
640,91,P,NULL
196,91,P,NULL
641,91,P,NULL
197,91,P,NULL
642,91,P,NULL
198,91,P,NULL
643,91,P,NULL
199,91,P,NULL
644,91,P,NULL
645,91,P,NULL
646,91,P,NULL
647,91,P,NULL
648,91,P,NULL
649,91,P,NULL
650,91,P,NULL
651,91,P,NULL
652,91,P,NULL
653,91,P,NULL
654,91,P,NULL
655,91,P,NULL
656,91,P,NULL
657,91,P,NULL
658,91,P,NULL
659,91,P,NULL
660,91,P,NULL
661,91,P,NULL
662,91,P,NULL
663,91,P,NULL
664,91,P,NULL
665,91,P,NULL
666,91,P,NULL
667,91,P,NULL
668,91,P,NULL
669,91,P,NULL
670,91,P,NULL
671,91,P,NULL
672,91,P,NULL
673,91,P,NULL
674,91,P,NULL
675,91,P,NULL
676,91,P,NULL
677,91,P,NULL
678,91,P,NULL
679,91,P,NULL
680,91,P,NULL
681,91,P,NULL
682,91,P,NULL
683,91,P,NULL
684,91,P,NULL
685,91,P,NULL
686,91,P,NULL
687,91,P,NULL
688,91,P,NULL
689,91,P,NULL
690,91,P,NULL
691,91,P,NULL
692,91,P,NULL
693,91,P,NULL
694,91,P,NULL
695,91,P,NULL
696,91,P,NULL
697,91,P,NULL
698,91,P,NULL
699,91,P,NULL
200,91,P,NULL
201,91,P,NULL
202,91,P,NULL
203,91,P,NULL
204,91,P,NULL
205,91,P,NULL
206,91,P,NULL
207,91,P,NULL
208,91,P,NULL
209,91,P,NULL
210,91,P,NULL
211,91,P,NULL
212,91,P,NULL
213,91,P,NULL
214,91,P,NULL
215,91,P,NULL
216,91,P,NULL
217,91,P,NULL
218,91,P,NULL
219,91,P,NULL
220,91,P,NULL
221,91,P,NULL
222,91,P,NULL
223,91,P,NULL
224,91,P,NULL
225,91,P,NULL
226,91,P,NULL
227,91,P,NULL
228,91,P,NULL
229,91,P,NULL
230,91,P,NULL
231,91,P,NULL
232,91,P,NULL
233,91,P,NULL
234,91,P,NULL
235,91,P,NULL
236,91,P,NULL
237,91,P,NULL
238,91,P,NULL
239,91,P,NULL
240,91,P,NULL
241,91,P,NULL
242,91,P,NULL
243,91,P,NULL
244,91,P,NULL
245,91,P,NULL
246,91,P,NULL
247,91,P,NULL
248,91,P,NULL
249,91,P,NULL
250,91,P,NULL
251,91,P,NULL
252,91,P,NULL
253,91,P,NULL
254,91,P,NULL
255,91,P,NULL
700,91,P,NULL
256,91,P,NULL
701,91,P,NULL
257,91,P,NULL
702,91,P,NULL
258,91,P,NULL
703,91,P,NULL
259,91,P,NULL
704,91,P,NULL
705,91,P,NULL
706,91,P,NULL
707,91,P,NULL
708,91,P,NULL
709,91,P,NULL
260,91,P,NULL
261,91,P,NULL
262,91,P,NULL
263,91,P,NULL
264,91,P,NULL
265,91,P,NULL
710,91,P,NULL
266,91,P,NULL
711,91,P,NULL
267,91,P,NULL
712,91,P,NULL
268,91,P,NULL
713,91,P,NULL
269,91,P,NULL
714,91,P,NULL
715,91,P,NULL
716,91,P,NULL
717,91,P,NULL
718,91,P,NULL
719,91,P,NULL
270,91,P,NULL
271,91,P,NULL
272,91,P,NULL
273,91,P,NULL
274,91,P,NULL
275,91,P,NULL
276,91,P,NULL
720,91,P,NULL
277,91,P,NULL
721,91,P,NULL
278,91,P,NULL
722,91,P,NULL
279,91,P,NULL
723,91,P,NULL
724,91,P,NULL
725,91,P,NULL
726,91,P,NULL
727,91,P,NULL
728,91,P,NULL
729,91,P,NULL
280,91,P,NULL
281,91,P,NULL
282,91,P,NULL
283,91,P,NULL
284,91,P,NULL
285,91,P,NULL
286,91,P,NULL
730,91,P,NULL
287,91,P,NULL
731,91,P,NULL
288,91,P,NULL
732,91,P,NULL
289,91,P,NULL
733,91,P,NULL
734,91,P,NULL
735,91,P,NULL
736,91,P,NULL
737,91,P,NULL
738,91,P,NULL
739,91,P,NULL
290,91,P,NULL
291,91,P,NULL
292,91,P,NULL
293,91,P,NULL
294,91,P,NULL
295,91,P,NULL
296,91,P,NULL
740,91,P,NULL
297,91,P,NULL
741,91,P,NULL
298,91,P,NULL
742,91,P,NULL
299,91,P,NULL
743,91,P,NULL
744,91,P,NULL
745,91,P,NULL
746,91,P,NULL
747,91,P,NULL
748,91,P,NULL
749,91,P,NULL
750,91,P,NULL
751,91,P,NULL
752,91,P,NULL
753,91,P,NULL
754,91,P,NULL
755,91,P,NULL
756,91,P,NULL
757,91,P,NULL
758,91,P,NULL
759,91,P,NULL
760,91,P,NULL
761,91,P,NULL
762,91,P,NULL
763,91,P,NULL
764,91,P,NULL
765,91,P,NULL
766,91,P,NULL
767,91,P,NULL
768,91,P,NULL
769,91,P,NULL
770,91,P,NULL
771,91,P,NULL
772,91,P,NULL
773,91,P,NULL
774,91,P,NULL
775,91,P,NULL
776,91,P,NULL
777,91,P,NULL
778,91,P,NULL
779,91,P,NULL
780,91,P,NULL
781,91,P,NULL
782,91,P,NULL
783,91,P,NULL
784,91,P,NULL
785,91,P,NULL
786,91,P,NULL
787,91,P,NULL
788,91,P,NULL
789,91,P,NULL
790,91,P,NULL
791,91,P,NULL
792,91,P,NULL
793,91,P,NULL
794,91,P,NULL
795,91,P,NULL
796,91,P,NULL
797,91,P,NULL
798,91,P,NULL
799,91,P,NULL
300,91,P,NULL
301,91,P,NULL
302,91,P,NULL
303,91,P,NULL
304,91,P,NULL
305,91,P,NULL
306,91,P,NULL
307,91,P,NULL
308,91,P,NULL
309,91,P,NULL
310,91,P,NULL
311,91,P,NULL
312,91,P,NULL
313,91,P,NULL
314,91,P,NULL
315,91,P,NULL
316,91,P,NULL
317,91,P,NULL
318,91,P,NULL
319,91,P,NULL
320,91,P,NULL
321,91,P,NULL
322,91,P,NULL
323,91,P,NULL
324,91,P,NULL
325,91,P,NULL
326,91,P,NULL
327,91,P,NULL
328,91,P,NULL
329,91,P,NULL
330,91,P,NULL
331,91,P,NULL
332,91,P,NULL
333,91,P,NULL
334,91,P,NULL
335,91,P,NULL
336,91,P,NULL
337,91,P,NULL
338,91,P,NULL
339,91,P,NULL
340,91,P,NULL
341,91,P,NULL
342,91,P,NULL
343,91,P,NULL
344,91,P,NULL
345,91,P,NULL
346,91,P,NULL
347,91,P,NULL
348,91,P,NULL
349,91,P,NULL
350,91,P,NULL
351,91,P,NULL
352,91,P,NULL
353,91,P,NULL
354,91,P,NULL
355,91,P,NULL
800,91,P,NULL
356,91,P,NULL
801,91,P,NULL
357,91,P,NULL
802,91,P,NULL
358,91,P,NULL
803,91,P,NULL
359,91,P,NULL
804,91,P,NULL
805,91,P,NULL
806,91,P,NULL
807,91,P,NULL
10,91,P,NULL
808,91,P,NULL
11,91,P,NULL
809,91,P,NULL
12,91,P,NULL
360,91,P,NULL
13,91,P,NULL
361,91,P,NULL
14,91,P,NULL
362,91,P,NULL
15,91,P,NULL
363,91,P,NULL
16,91,P,NULL
364,91,P,NULL
17,91,P,NULL
365,91,P,NULL
18,91,P,NULL
810,91,P,NULL
366,91,P,NULL
19,91,P,NULL
811,91,P,NULL
367,91,P,NULL
812,91,P,NULL
368,91,P,NULL
813,91,P,NULL
369,91,P,NULL
814,91,P,NULL
815,91,P,NULL
816,91,P,NULL
817,91,P,NULL
20,91,P,NULL
818,91,P,NULL
21,91,P,NULL
819,91,P,NULL
22,91,P,NULL
370,91,P,NULL
23,91,P,NULL
371,91,P,NULL
24,91,P,NULL
372,91,P,NULL
25,91,P,NULL
373,91,P,NULL
26,91,P,NULL
374,91,P,NULL
27,91,P,NULL
375,91,P,NULL
28,91,P,NULL
820,91,P,NULL
376,91,P,NULL
29,91,P,NULL
821,91,P,NULL
377,91,P,NULL
822,91,P,NULL
378,91,P,NULL
823,91,P,NULL
379,91,P,NULL
824,91,P,NULL
825,91,P,NULL
826,91,P,NULL
827,91,P,NULL
30,91,P,NULL
828,91,P,NULL
31,91,P,NULL
829,91,P,NULL
32,91,P,NULL
380,91,P,NULL
33,91,P,NULL
381,91,P,NULL
34,91,P,NULL
382,91,P,NULL
35,91,P,NULL
383,91,P,NULL
36,91,P,NULL
384,91,P,NULL
37,91,P,NULL
385,91,P,NULL
38,91,P,NULL
830,91,P,NULL
386,91,P,NULL
39,91,P,NULL
831,91,P,NULL
387,91,P,NULL
832,91,P,NULL
388,91,P,NULL
833,91,P,NULL
389,91,P,NULL
834,91,P,NULL
835,91,P,NULL
836,91,P,NULL
837,91,P,NULL
40,91,P,NULL
838,91,P,NULL
41,91,P,NULL
839,91,P,NULL
42,91,P,NULL
390,91,P,NULL
43,91,P,NULL
391,91,P,NULL
44,91,P,NULL
392,91,P,NULL
45,91,P,NULL
393,91,P,NULL
46,91,P,NULL
394,91,P,NULL
47,91,P,NULL
395,91,P,NULL
48,91,P,NULL
840,91,P,NULL
396,91,P,NULL
49,91,P,NULL
841,91,P,NULL
397,91,P,NULL
842,91,P,NULL
398,91,P,NULL
843,91,P,NULL
399,91,P,NULL
844,91,P,NULL
845,91,P,NULL
846,91,P,NULL
847,91,P,NULL
848,91,P,NULL
50,91,P,NULL
849,91,P,NULL
51,91,P,NULL
52,91,P,NULL
53,91,P,NULL
54,91,P,NULL
55,91,P,NULL
56,91,P,NULL
57,91,P,NULL
850,91,P,NULL
58,91,P,NULL
851,91,P,NULL
59,91,P,NULL
852,91,P,NULL
853,91,P,NULL
854,91,P,NULL
855,91,P,NULL
856,91,P,NULL
857,91,P,NULL
858,91,P,NULL
60,91,P,NULL
859,91,P,NULL
61,91,P,NULL
62,91,P,NULL
63,91,P,NULL
64,91,P,NULL
65,91,P,NULL
66,91,P,NULL
67,91,P,NULL
860,91,P,NULL
68,91,P,NULL
861,91,P,NULL
69,91,P,NULL
862,91,P,NULL
863,91,P,NULL
864,91,P,NULL
865,91,P,NULL
866,91,P,NULL
867,91,P,NULL
868,91,P,NULL
70,91,P,NULL
869,91,P,NULL
71,91,P,NULL
72,91,P,NULL
73,91,P,NULL
74,91,P,NULL
75,91,P,NULL
76,91,P,NULL
77,91,P,NULL
870,91,P,NULL
78,91,P,NULL
871,91,P,NULL
79,91,P,NULL
872,91,P,NULL
873,91,P,NULL
874,91,P,NULL
875,91,P,NULL
876,91,P,NULL
877,91,P,NULL
878,91,P,NULL
80,91,P,NULL
879,91,P,NULL
81,91,P,NULL
82,91,P,NULL
83,91,P,NULL
84,91,P,NULL
85,91,P,NULL
86,91,P,NULL
87,91,P,NULL
880,91,P,NULL
88,91,P,NULL
881,91,P,NULL
89,91,P,NULL
882,91,P,NULL
883,91,P,NULL
884,91,P,NULL
885,91,P,NULL
886,91,P,NULL
887,91,P,NULL
888,91,P,NULL
90,91,P,NULL
889,91,P,NULL
91,91,P,NULL
92,91,P,NULL
93,91,P,NULL
94,91,P,NULL
95,91,P,NULL
96,91,P,NULL
97,91,P,NULL
890,91,P,NULL
98,91,P,NULL
891,91,P,NULL
99,91,P,NULL
892,91,P,NULL
893,91,P,NULL
894,91,P,NULL
895,91,P,NULL
896,91,P,NULL
897,91,P,NULL
898,91,P,NULL
899,91,P,NULL
400,91,P,NULL
401,91,P,NULL
402,91,P,NULL
403,91,P,NULL
404,91,P,NULL
405,91,P,NULL
406,91,P,NULL
407,91,P,NULL
408,91,P,NULL
409,91,P,NULL
410,91,P,NULL
411,91,P,NULL
412,91,P,NULL
413,91,P,NULL
414,91,P,NULL
415,91,P,NULL
416,91,P,NULL
417,91,P,NULL
418,91,P,NULL
419,91,P,NULL
420,91,P,NULL
421,91,P,NULL
422,91,P,NULL
423,91,P,NULL
424,91,P,NULL
425,91,P,NULL
426,91,P,NULL
427,91,P,NULL
428,91,P,NULL
429,91,P,NULL
430,91,P,NULL
431,91,P,NULL
432,91,P,NULL
433,91,P,NULL
434,91,P,NULL
435,91,P,NULL
436,91,P,NULL
437,91,P,NULL
438,91,P,NULL
439,91,P,NULL
440,91,P,NULL
441,91,P,NULL
442,91,P,NULL
443,91,P,NULL
444,91,P,NULL
445,91,P,NULL
446,91,P,NULL
447,91,P,NULL
448,91,P,NULL
449,91,P,NULL
450,91,P,NULL
451,91,P,NULL
452,91,P,NULL
453,91,P,NULL
454,91,P,NULL
455,91,P,NULL
900,91,P,NULL
456,91,P,NULL
901,91,P,NULL
457,91,P,NULL
902,91,P,NULL
458,91,P,NULL
903,91,P,NULL
459,91,P,NULL
904,91,P,NULL
905,91,P,NULL
906,91,P,NULL
907,91,P,NULL
908,91,P,NULL
909,91,P,NULL
460,91,P,NULL
461,91,P,NULL
462,91,P,NULL
463,91,P,NULL
464,91,P,NULL
465,91,P,NULL
910,91,P,NULL
466,91,P,NULL
911,91,P,NULL
467,91,P,NULL
912,91,P,NULL
468,91,P,NULL
913,91,P,NULL
469,91,P,NULL
914,91,P,NULL
915,91,P,NULL
916,91,P,NULL
917,91,P,NULL
918,91,P,NULL
919,91,P,NULL
470,91,P,NULL
471,91,P,NULL
472,91,P,NULL
473,91,P,NULL
474,91,P,NULL
475,91,P,NULL
920,91,P,NULL
476,91,P,NULL
921,91,P,NULL
477,91,P,NULL
922,91,P,NULL
478,91,P,NULL
923,91,P,NULL
479,91,P,NULL
924,91,P,NULL
925,91,P,NULL
926,91,P,NULL
927,91,P,NULL
928,91,P,NULL
929,91,P,NULL
480,91,P,NULL
481,91,P,NULL
482,91,P,NULL
483,91,P,NULL
484,91,P,NULL
485,91,P,NULL
930,91,P,NULL
486,91,P,NULL
931,91,P,NULL
487,91,P,NULL
932,91,P,NULL
488,91,P,NULL
933,91,P,NULL
489,91,P,NULL
934,91,P,NULL
935,91,P,NULL
936,91,P,NULL
937,91,P,NULL
938,91,P,NULL
939,91,P,NULL
490,91,P,NULL
491,91,P,NULL
492,91,P,NULL
493,91,P,NULL
494,91,P,NULL
495,91,P,NULL
940,91,P,NULL
496,91,P,NULL
941,91,P,NULL
497,91,P,NULL
942,91,P,NULL
498,91,P,NULL
943,91,P,NULL
499,91,P,NULL
944,91,P,NULL
945,91,P,NULL
946,91,P,NULL
947,91,P,NULL
948,91,P,NULL
949,91,P,NULL
950,91,P,NULL
951,91,P,NULL
952,91,P,NULL
953,91,P,NULL
954,91,P,NULL
955,91,P,NULL
956,91,P,NULL
957,91,P,NULL
958,91,P,NULL
959,91,P,NULL
960,91,P,NULL
961,91,P,NULL
962,91,P,NULL
963,91,P,NULL
964,91,P,NULL
965,91,P,NULL
966,91,P,NULL
967,91,P,NULL
968,91,P,NULL
969,91,P,NULL
970,91,P,NULL
971,91,P,NULL
972,121,P2S,NULL
973,121,P2S,NULL
974,121,P2S,NULL
975,121,P2S,NULL
976,121,P2S,NULL
977,121,P2S,NULL
978,121,P2S,NULL
979,121,P2S,NULL
980,121,P2S,NULL
981,121,P2S,NULL
982,121,P2S,NULL
983,121,P2S,NULL
984,121,P2S,NULL
985,121,P2S,NULL
986,121,P2S,NULL
987,121,P2S,NULL
988,121,P2S,NULL
989,121,P2S,NULL
990,121,P2S,NULL
991,121,P2S,NULL
992,121,P2S,NULL
993,121,P2S,NULL
994,121,P2S,NULL
995,121,P2S,NULL
1,121,P2S,NULL
2,121,P2S,NULL
3,121,P2S,NULL
4,121,P2S,NULL
5,121,P2S,NULL
6,121,P2S,NULL
7,121,P2S,NULL
500,121,P2S,NULL
8,121,P2S,NULL
501,121,P2S,NULL
9,121,P2S,NULL
502,121,P2S,NULL
503,121,P2S,NULL
504,121,P2S,NULL
505,121,P2S,NULL
506,121,P2S,NULL
507,121,P2S,NULL
508,121,P2S,NULL
509,121,P2S,NULL
510,121,P2S,NULL
511,121,P2S,NULL
512,121,P2S,NULL
513,121,P2S,NULL
514,121,P2S,NULL
515,121,P2S,NULL
516,121,P2S,NULL
517,121,P2S,NULL
518,121,P2S,NULL
519,121,P2S,NULL
520,121,P2S,NULL
521,121,P2S,NULL
522,121,P2S,NULL
523,121,P2S,NULL
524,121,P2S,NULL
525,121,P2S,NULL
526,121,P2S,NULL
527,121,P2S,NULL
528,121,P2S,NULL
529,121,P2S,NULL
530,121,P2S,NULL
531,121,P2S,NULL
532,121,P2S,NULL
533,121,P2S,NULL
534,121,P2S,NULL
535,121,P2S,NULL
536,121,P2S,NULL
537,121,P2S,NULL
538,121,P2S,NULL
539,121,P2S,NULL
540,121,P2S,NULL
541,121,P2S,NULL
542,121,P2S,NULL
543,121,P2S,NULL
544,121,P2S,NULL
545,121,P2S,NULL
546,121,P2S,NULL
547,121,P2S,NULL
548,121,P2S,NULL
549,121,P2S,NULL
550,121,P2S,NULL
551,121,P2S,NULL
552,121,P2S,NULL
553,121,P2S,NULL
554,121,P2S,NULL
555,121,P2S,NULL
556,121,P2S,NULL
557,121,P2S,NULL
558,121,P2S,NULL
559,121,P2S,NULL
560,121,P2S,NULL
561,121,P2S,NULL
562,121,P2S,NULL
563,121,P2S,NULL
564,121,P2S,NULL
565,121,P2S,NULL
566,121,P2S,NULL
567,121,P2S,NULL
568,121,P2S,NULL
569,121,P2S,NULL
570,121,P2S,NULL
571,121,P2S,NULL
572,121,P2S,NULL
573,121,P2S,NULL
574,121,P2S,NULL
575,121,P2S,NULL
576,121,P2S,NULL
577,121,P2S,NULL
578,121,P2S,NULL
579,121,P2S,NULL
580,121,P2S,NULL
581,121,P2S,NULL
582,121,P2S,NULL
583,121,P2S,NULL
584,121,P2S,NULL
585,121,P2S,NULL
586,121,P2S,NULL
587,121,P2S,NULL
588,121,P2S,NULL
589,121,P2S,NULL
590,121,P2S,NULL
591,121,P2S,NULL
592,121,P2S,NULL
593,121,P2S,NULL
594,121,P2S,NULL
595,121,P2S,NULL
596,121,P2S,NULL
597,121,P2S,NULL
598,121,P2S,NULL
599,121,P2S,NULL
100,121,P2S,NULL
101,121,P2S,NULL
102,121,P2S,NULL
103,121,P2S,NULL
104,121,P2S,NULL
105,121,P2S,NULL
106,121,P2S,NULL
107,121,P2S,NULL
108,121,P2S,NULL
109,121,P2S,NULL
110,121,P2S,NULL
111,121,P2S,NULL
112,121,P2S,NULL
113,121,P2S,NULL
114,121,P2S,NULL
115,121,P2S,NULL
116,121,P2S,NULL
117,121,P2S,NULL
118,121,P2S,NULL
119,121,P2S,NULL
120,121,P2S,NULL
121,121,P2S,NULL
122,121,P2S,NULL
123,121,P2S,NULL
124,121,P2S,NULL
125,121,P2S,NULL
126,121,P2S,NULL
127,121,P2S,NULL
128,121,P2S,NULL
129,121,P2S,NULL
130,121,P2S,NULL
131,121,P2S,NULL
132,121,P2S,NULL
133,121,P2S,NULL
134,121,P2S,NULL
135,121,P2S,NULL
136,121,P2S,NULL
137,121,P2S,NULL
138,121,P2S,NULL
139,121,P2S,NULL
140,121,P2S,NULL
141,121,P2S,NULL
142,121,P2S,NULL
143,121,P2S,NULL
144,121,P2S,NULL
145,121,P2S,NULL
146,121,P2S,NULL
147,121,P2S,NULL
148,121,P2S,NULL
149,121,P2S,NULL
150,121,P2S,NULL
151,121,P2S,NULL
152,121,P2S,NULL
153,121,P2S,NULL
154,121,P2S,NULL
155,121,P2S,NULL
600,121,P2S,NULL
156,121,P2S,NULL
601,121,P2S,NULL
157,121,P2S,NULL
602,121,P2S,NULL
158,121,P2S,NULL
603,121,P2S,NULL
159,121,P2S,NULL
604,121,P2S,NULL
605,121,P2S,NULL
606,121,P2S,NULL
607,121,P2S,NULL
608,121,P2S,NULL
609,121,P2S,NULL
160,121,P2S,NULL
161,121,P2S,NULL
162,121,P2S,NULL
163,121,P2S,NULL
164,121,P2S,NULL
165,121,P2S,NULL
610,121,P2S,NULL
166,121,P2S,NULL
611,121,P2S,NULL
167,121,P2S,NULL
612,121,P2S,NULL
168,121,P2S,NULL
613,121,P2S,NULL
169,121,P2S,NULL
614,121,P2S,NULL
615,121,P2S,NULL
616,121,P2S,NULL
617,121,P2S,NULL
618,121,P2S,NULL
619,121,P2S,NULL
170,121,P2S,NULL
171,121,P2S,NULL
172,121,P2S,NULL
173,121,P2S,NULL
174,121,P2S,NULL
175,121,P2S,NULL
620,121,P2S,NULL
176,121,P2S,NULL
621,121,P2S,NULL
177,121,P2S,NULL
622,121,P2S,NULL
178,121,P2S,NULL
623,121,P2S,NULL
179,121,P2S,NULL
624,121,P2S,NULL
625,121,P2S,NULL
626,121,P2S,NULL
627,121,P2S,NULL
628,121,P2S,NULL
629,121,P2S,NULL
180,121,P2S,NULL
181,121,P2S,NULL
182,121,P2S,NULL
183,121,P2S,NULL
184,121,P2S,NULL
185,121,P2S,NULL
630,121,P2S,NULL
186,121,P2S,NULL
631,121,P2S,NULL
187,121,P2S,NULL
632,121,P2S,NULL
188,121,P2S,NULL
633,121,P2S,NULL
189,121,P2S,NULL
634,121,P2S,NULL
635,121,P2S,NULL
636,121,P2S,NULL
637,121,P2S,NULL
638,121,P2S,NULL
639,121,P2S,NULL
190,121,P2S,NULL
191,121,P2S,NULL
192,121,P2S,NULL
193,121,P2S,NULL
194,121,P2S,NULL
195,121,P2S,NULL
640,121,P2S,NULL
196,121,P2S,NULL
641,121,P2S,NULL
197,121,P2S,NULL
642,121,P2S,NULL
198,121,P2S,NULL
643,121,P2S,NULL
199,121,P2S,NULL
644,121,P2S,NULL
645,121,P2S,NULL
646,121,P2S,NULL
647,121,P2S,NULL
648,121,P2S,NULL
649,121,P2S,NULL
650,121,P2S,NULL
651,121,P2S,NULL
652,121,P2S,NULL
653,121,P2S,NULL
654,121,P2S,NULL
655,121,P2S,NULL
656,121,P2S,NULL
657,121,P2S,NULL
658,121,P2S,NULL
659,121,P2S,NULL
660,121,P2S,NULL
661,121,P2S,NULL
662,121,P2S,NULL
663,121,P2S,NULL
664,121,P2S,NULL
665,121,P2S,NULL
666,121,P2S,NULL
667,121,P2S,NULL
668,121,P2S,NULL
669,121,P2S,NULL
670,121,P2S,NULL
671,121,P2S,NULL
672,121,P2S,NULL
673,121,P2S,NULL
674,121,P2S,NULL
675,121,P2S,NULL
676,121,P2S,NULL
677,121,P2S,NULL
678,121,P2S,NULL
679,121,P2S,NULL
680,121,P2S,NULL
681,121,P2S,NULL
682,121,P2S,NULL
683,121,P2S,NULL
684,121,P2S,NULL
685,121,P2S,NULL
686,121,P2S,NULL
687,121,P2S,NULL
688,121,P2S,NULL
689,121,P2S,NULL
690,121,P2S,NULL
691,121,P2S,NULL
692,121,P2S,NULL
693,121,P2S,NULL
694,121,P2S,NULL
695,121,P2S,NULL
696,121,P2S,NULL
697,121,P2S,NULL
698,121,P2S,NULL
699,121,P2S,NULL
200,121,P2S,NULL
201,121,P2S,NULL
202,121,P2S,NULL
203,121,P2S,NULL
204,121,P2S,NULL
205,121,P2S,NULL
206,121,P2S,NULL
207,121,P2S,NULL
208,121,P2S,NULL
209,121,P2S,NULL
210,121,P2S,NULL
211,121,P2S,NULL
212,121,P2S,NULL
213,121,P2S,NULL
214,121,P2S,NULL
215,121,P2S,NULL
216,121,P2S,NULL
217,121,P2S,NULL
218,121,P2S,NULL
219,121,P2S,NULL
220,121,P2S,NULL
221,121,P2S,NULL
222,121,P2S,NULL
223,121,P2S,NULL
224,121,P2S,NULL
225,121,P2S,NULL
226,121,P2S,NULL
227,121,P2S,NULL
228,121,P2S,NULL
229,121,P2S,NULL
230,121,P2S,NULL
231,121,P2S,NULL
232,121,P2S,NULL
233,121,P2S,NULL
234,121,P2S,NULL
235,121,P2S,NULL
236,121,P2S,NULL
237,121,P2S,NULL
238,121,P2S,NULL
239,121,P2S,NULL
240,121,P2S,NULL
241,121,P2S,NULL
242,121,P2S,NULL
243,121,P2S,NULL
244,121,P2S,NULL
245,121,P2S,NULL
246,121,P2S,NULL
247,121,P2S,NULL
248,121,P2S,NULL
249,121,P2S,NULL
250,121,P2S,NULL
251,121,P2S,NULL
252,121,P2S,NULL
253,121,P2S,NULL
254,121,P2S,NULL
255,121,P2S,NULL
700,121,P2S,NULL
256,121,P2S,NULL
701,121,P2S,NULL
257,121,P2S,NULL
702,121,P2S,NULL
258,121,P2S,NULL
703,121,P2S,NULL
259,121,P2S,NULL
704,121,P2S,NULL
705,121,P2S,NULL
706,121,P2S,NULL
707,121,P2S,NULL
708,121,P2S,NULL
709,121,P2S,NULL
260,121,P2S,NULL
261,121,P2S,NULL
262,121,P2S,NULL
263,121,P2S,NULL
264,121,P2S,NULL
265,121,P2S,NULL
710,121,P2S,NULL
266,121,P2S,NULL
711,121,P2S,NULL
267,121,P2S,NULL
712,121,P2S,NULL
268,121,P2S,NULL
713,121,P2S,NULL
269,121,P2S,NULL
714,121,P2S,NULL
715,121,P2S,NULL
716,121,P2S,NULL
717,121,P2S,NULL
718,121,P2S,NULL
719,121,P2S,NULL
270,121,P2S,NULL
271,121,P2S,NULL
272,121,P2S,NULL
273,121,P2S,NULL
274,121,P2S,NULL
275,121,P2S,NULL
276,121,P2S,NULL
720,121,P2S,NULL
277,121,P2S,NULL
721,121,P2S,NULL
278,121,P2S,NULL
722,121,P2S,NULL
279,121,P2S,NULL
723,121,P2S,NULL
724,121,P2S,NULL
725,121,P2S,NULL
726,121,P2S,NULL
727,121,P2S,NULL
728,121,P2S,NULL
729,121,P2S,NULL
280,121,P2S,NULL
281,121,P2S,NULL
282,121,P2S,NULL
283,121,P2S,NULL
284,121,P2S,NULL
285,121,P2S,NULL
286,121,P2S,NULL
730,121,P2S,NULL
287,121,P2S,NULL
731,121,P2S,NULL
288,121,P2S,NULL
732,121,P2S,NULL
289,121,P2S,NULL
733,121,P2S,NULL
734,121,P2S,NULL
735,121,P2S,NULL
736,121,P2S,NULL
737,121,P2S,NULL
738,121,P2S,NULL
739,121,P2S,NULL
290,121,P2S,NULL
291,121,P2S,NULL
292,121,P2S,NULL
293,121,P2S,NULL
294,121,P2S,NULL
295,121,P2S,NULL
296,121,P2S,NULL
740,121,P2S,NULL
297,121,P2S,NULL
741,121,P2S,NULL
298,121,P2S,NULL
742,121,P2S,NULL
299,121,P2S,NULL
743,121,P2S,NULL
744,121,P2S,NULL
745,121,P2S,NULL
746,121,P2S,NULL
747,121,P2S,NULL
748,121,P2S,NULL
749,121,P2S,NULL
750,121,P2S,NULL
751,121,P2S,NULL
752,121,P2S,NULL
753,121,P2S,NULL
754,121,P2S,NULL
755,121,P2S,NULL
756,121,P2S,NULL
757,121,P2S,NULL
758,121,P2S,NULL
759,121,P2S,NULL
760,121,P2S,NULL
761,121,P2S,NULL
762,121,P2S,NULL
763,121,P2S,NULL
764,121,P2S,NULL
765,121,P2S,NULL
766,121,P2S,NULL
767,121,P2S,NULL
768,121,P2S,NULL
769,121,P2S,NULL
770,121,P2S,NULL
771,121,P2S,NULL
772,121,P2S,NULL
773,121,P2S,NULL
774,121,P2S,NULL
775,121,P2S,NULL
776,121,P2S,NULL
777,121,P2S,NULL
778,121,P2S,NULL
779,121,P2S,NULL
780,121,P2S,NULL
781,121,P2S,NULL
782,121,P2S,NULL
783,121,P2S,NULL
784,121,P2S,NULL
785,121,P2S,NULL
786,121,P2S,NULL
787,121,P2S,NULL
788,121,P2S,NULL
789,121,P2S,NULL
790,121,P2S,NULL
791,121,P2S,NULL
792,121,P2S,NULL
793,121,P2S,NULL
794,121,P2S,NULL
795,121,P2S,NULL
796,121,P2S,NULL
797,121,P2S,NULL
798,121,P2S,NULL
799,121,P2S,NULL
300,121,P2S,NULL
301,121,P2S,NULL
302,121,P2S,NULL
303,121,P2S,NULL
304,121,P2S,NULL
305,121,P2S,NULL
306,121,P2S,NULL
307,121,P2S,NULL
308,121,P2S,NULL
309,121,P2S,NULL
310,121,P2S,NULL
311,121,P2S,NULL
312,121,P2S,NULL
313,121,P2S,NULL
314,121,P2S,NULL
315,121,P2S,NULL
316,121,P2S,NULL
317,121,P2S,NULL
318,121,P2S,NULL
319,121,P2S,NULL
320,121,P2S,NULL
321,121,P2S,NULL
322,121,P2S,NULL
323,121,P2S,NULL
324,121,P2S,NULL
325,121,P2S,NULL
326,121,P2S,NULL
327,121,P2S,NULL
328,121,P2S,NULL
329,121,P2S,NULL
330,121,P2S,NULL
331,121,P2S,NULL
332,121,P2S,NULL
333,121,P2S,NULL
334,121,P2S,NULL
335,121,P2S,NULL
336,121,P2S,NULL
337,121,P2S,NULL
338,121,P2S,NULL
339,121,P2S,NULL
340,121,P2S,NULL
341,121,P2S,NULL
342,121,P2S,NULL
343,121,P2S,NULL
344,121,P2S,NULL
345,121,P2S,NULL
346,121,P2S,NULL
347,121,P2S,NULL
348,121,P2S,NULL
349,121,P2S,NULL
350,121,P2S,NULL
351,121,P2S,NULL
352,121,P2S,NULL
353,121,P2S,NULL
354,121,P2S,NULL
355,121,P2S,NULL
800,121,P2S,NULL
356,121,P2S,NULL
801,121,P2S,NULL
357,121,P2S,NULL
802,121,P2S,NULL
358,121,P2S,NULL
803,121,P2S,NULL
359,121,P2S,NULL
804,121,P2S,NULL
805,121,P2S,NULL
806,121,P2S,NULL
807,121,P2S,NULL
10,121,P2S,NULL
808,121,P2S,NULL
11,121,P2S,NULL
809,121,P2S,NULL
12,121,P2S,NULL
360,121,P2S,NULL
13,121,P2S,NULL
361,121,P2S,NULL
14,121,P2S,NULL
362,121,P2S,NULL
15,121,P2S,NULL
363,121,P2S,NULL
16,121,P2S,NULL
364,121,P2S,NULL
17,121,P2S,NULL
365,121,P2S,NULL
18,121,P2S,NULL
810,121,P2S,NULL
366,121,P2S,NULL
19,121,P2S,NULL
811,121,P2S,NULL
367,121,P2S,NULL
812,121,P2S,NULL
368,121,P2S,NULL
813,121,P2S,NULL
369,121,P2S,NULL
814,121,P2S,NULL
815,121,P2S,NULL
816,121,P2S,NULL
817,121,P2S,NULL
20,121,P2S,NULL
818,121,P2S,NULL
21,121,P2S,NULL
819,121,P2S,NULL
22,121,P2S,NULL
370,121,P2S,NULL
23,121,P2S,NULL
371,121,P2S,NULL
24,121,P2S,NULL
372,121,P2S,NULL
25,121,P2S,NULL
373,121,P2S,NULL
26,121,P2S,NULL
374,121,P2S,NULL
27,121,P2S,NULL
375,121,P2S,NULL
28,121,P2S,NULL
820,121,P2S,NULL
376,121,P2S,NULL
29,121,P2S,NULL
821,121,P2S,NULL
377,121,P2S,NULL
822,121,P2S,NULL
378,121,P2S,NULL
823,121,P2S,NULL
379,121,P2S,NULL
824,121,P2S,NULL
825,121,P2S,NULL
826,121,P2S,NULL
827,121,P2S,NULL
30,121,P2S,NULL
828,121,P2S,NULL
31,121,P2S,NULL
829,121,P2S,NULL
32,121,P2S,NULL
380,121,P2S,NULL
33,121,P2S,NULL
381,121,P2S,NULL
34,121,P2S,NULL
382,121,P2S,NULL
35,121,P2S,NULL
383,121,P2S,NULL
36,121,P2S,NULL
384,121,P2S,NULL
37,121,P2S,NULL
385,121,P2S,NULL
38,121,P2S,NULL
830,121,P2S,NULL
386,121,P2S,NULL
39,121,P2S,NULL
831,121,P2S,NULL
387,121,P2S,NULL
832,121,P2S,NULL
388,121,P2S,NULL
833,121,P2S,NULL
389,121,P2S,NULL
834,121,P2S,NULL
835,121,P2S,NULL
836,121,P2S,NULL
837,121,P2S,NULL
40,121,P2S,NULL
838,121,P2S,NULL
41,121,P2S,NULL
839,121,P2S,NULL
42,121,P2S,NULL
390,121,P2S,NULL
43,121,P2S,NULL
391,121,P2S,NULL
44,121,P2S,NULL
392,121,P2S,NULL
45,121,P2S,NULL
393,121,P2S,NULL
46,121,P2S,NULL
394,121,P2S,NULL
47,121,P2S,NULL
395,121,P2S,NULL
48,121,P2S,NULL
840,121,P2S,NULL
396,121,P2S,NULL
49,121,P2S,NULL
841,121,P2S,NULL
397,121,P2S,NULL
842,121,P2S,NULL
398,121,P2S,NULL
843,121,P2S,NULL
399,121,P2S,NULL
844,121,P2S,NULL
845,121,P2S,NULL
846,121,P2S,NULL
847,121,P2S,NULL
848,121,P2S,NULL
50,121,P2S,NULL
849,121,P2S,NULL
51,121,P2S,NULL
52,121,P2S,NULL
53,121,P2S,NULL
54,121,P2S,NULL
55,121,P2S,NULL
56,121,P2S,NULL
57,121,P2S,NULL
850,121,P2S,NULL
58,121,P2S,NULL
851,121,P2S,NULL
59,121,P2S,NULL
852,121,P2S,NULL
853,121,P2S,NULL
854,121,P2S,NULL
855,121,P2S,NULL
856,121,P2S,NULL
857,121,P2S,NULL
858,121,P2S,NULL
60,121,P2S,NULL
859,121,P2S,NULL
61,121,P2S,NULL
62,121,P2S,NULL
63,121,P2S,NULL
64,121,P2S,NULL
65,121,P2S,NULL
66,121,P2S,NULL
67,121,P2S,NULL
860,121,P2S,NULL
68,121,P2S,NULL
861,121,P2S,NULL
69,121,P2S,NULL
862,121,P2S,NULL
863,121,P2S,NULL
864,121,P2S,NULL
865,121,P2S,NULL
866,121,P2S,NULL
867,121,P2S,NULL
868,121,P2S,NULL
70,121,P2S,NULL
869,121,P2S,NULL
71,121,P2S,NULL
72,121,P2S,NULL
73,121,P2S,NULL
74,121,P2S,NULL
75,121,P2S,NULL
76,121,P2S,NULL
77,121,P2S,NULL
870,121,P2S,NULL
78,121,P2S,NULL
871,121,P2S,NULL
871,121,I,SimBite
79,121,P2S,NULL
872,121,P2S,NULL
873,121,P2S,NULL
874,121,P2S,NULL
875,121,P2S,NULL
876,121,P2S,NULL
877,121,P2S,NULL
878,121,P2S,NULL
80,121,P2S,NULL
879,121,P2S,NULL
81,121,P2S,NULL
82,121,P2S,NULL
83,121,P2S,NULL
84,121,P2S,NULL
85,121,P2S,NULL
86,121,P2S,NULL
87,121,P2S,NULL
880,121,P2S,NULL
88,121,P2S,NULL
881,121,P2S,NULL
89,121,P2S,NULL
882,121,P2S,NULL
883,121,P2S,NULL
884,121,P2S,NULL
885,121,P2S,NULL
886,121,P2S,NULL
887,121,P2S,NULL
888,121,P2S,NULL
90,121,P2S,NULL
889,121,P2S,NULL
91,121,P2S,NULL
92,121,P2S,NULL
93,121,P2S,NULL
94,121,P2S,NULL
95,121,P2S,NULL
96,121,P2S,NULL
97,121,P2S,NULL
890,121,P2S,NULL
98,121,P2S,NULL
891,121,P2S,NULL
99,121,P2S,NULL
892,121,P2S,NULL
893,121,P2S,NULL
894,121,P2S,NULL
895,121,P2S,NULL
896,121,P2S,NULL
897,121,P2S,NULL
898,121,P2S,NULL
899,121,P2S,NULL
400,121,P2S,NULL
401,121,P2S,NULL
402,121,P2S,NULL
403,121,P2S,NULL
404,121,P2S,NULL
405,121,P2S,NULL
406,121,P2S,NULL
407,121,P2S,NULL
408,121,P2S,NULL
409,121,P2S,NULL
410,121,P2S,NULL
411,121,P2S,NULL
412,121,P2S,NULL
413,121,P2S,NULL
414,121,P2S,NULL
415,121,P2S,NULL
416,121,P2S,NULL
417,121,P2S,NULL
418,121,P2S,NULL
419,121,P2S,NULL
420,121,P2S,NULL
421,121,P2S,NULL
422,121,P2S,NULL
423,121,P2S,NULL
424,121,P2S,NULL
425,121,P2S,NULL
426,121,P2S,NULL
427,121,P2S,NULL
428,121,P2S,NULL
429,121,P2S,NULL
430,121,P2S,NULL
431,121,P2S,NULL
432,121,P2S,NULL
433,121,P2S,NULL
434,121,P2S,NULL
435,121,P2S,NULL
436,121,P2S,NULL
437,121,P2S,NULL
438,121,P2S,NULL
439,121,P2S,NULL
440,121,P2S,NULL
441,121,P2S,NULL
442,121,P2S,NULL
443,121,P2S,NULL
444,121,P2S,NULL
445,121,P2S,NULL
446,121,P2S,NULL
447,121,P2S,NULL
448,121,P2S,NULL
449,121,P2S,NULL
450,121,P2S,NULL
451,121,P2S,NULL
452,121,P2S,NULL
453,121,P2S,NULL
454,121,P2S,NULL
455,121,P2S,NULL
900,121,P2S,NULL
456,121,P2S,NULL
901,121,P2S,NULL
457,121,P2S,NULL
902,121,P2S,NULL
458,121,P2S,NULL
903,121,P2S,NULL
459,121,P2S,NULL
904,121,P2S,NULL
905,121,P2S,NULL
906,121,P2S,NULL
907,121,P2S,NULL
908,121,P2S,NULL
909,121,P2S,NULL
460,121,P2S,NULL
461,121,P2S,NULL
462,121,P2S,NULL
463,121,P2S,NULL
464,121,P2S,NULL
465,121,P2S,NULL
910,121,P2S,NULL
466,121,P2S,NULL
911,121,P2S,NULL
467,121,P2S,NULL
912,121,P2S,NULL
468,121,P2S,NULL
913,121,P2S,NULL
469,121,P2S,NULL
914,121,P2S,NULL
915,121,P2S,NULL
916,121,P2S,NULL
917,121,P2S,NULL
918,121,P2S,NULL
919,121,P2S,NULL
470,121,P2S,NULL
471,121,P2S,NULL
472,121,P2S,NULL
473,121,P2S,NULL
474,121,P2S,NULL
475,121,P2S,NULL
920,121,P2S,NULL
476,121,P2S,NULL
921,121,P2S,NULL
477,121,P2S,NULL
922,121,P2S,NULL
478,121,P2S,NULL
923,121,P2S,NULL
479,121,P2S,NULL
924,121,P2S,NULL
925,121,P2S,NULL
926,121,P2S,NULL
927,121,P2S,NULL
928,121,P2S,NULL
929,121,P2S,NULL
480,121,P2S,NULL
481,121,P2S,NULL
482,121,P2S,NULL
483,121,P2S,NULL
484,121,P2S,NULL
485,121,P2S,NULL
930,121,P2S,NULL
486,121,P2S,NULL
931,121,P2S,NULL
487,121,P2S,NULL
932,121,P2S,NULL
488,121,P2S,NULL
933,121,P2S,NULL
489,121,P2S,NULL
934,121,P2S,NULL
935,121,P2S,NULL
936,121,P2S,NULL
937,121,P2S,NULL
938,121,P2S,NULL
939,121,P2S,NULL
490,121,P2S,NULL
491,121,P2S,NULL
492,121,P2S,NULL
493,121,P2S,NULL
494,121,P2S,NULL
495,121,P2S,NULL
940,121,P2S,NULL
496,121,P2S,NULL
941,121,P2S,NULL
497,121,P2S,NULL
942,121,P2S,NULL
498,121,P2S,NULL
943,121,P2S,NULL
499,121,P2S,NULL
944,121,P2S,NULL
945,121,P2S,NULL
946,121,P2S,NULL
947,121,P2S,NULL
948,121,P2S,NULL
949,121,P2S,NULL
950,121,P2S,NULL
951,121,P2S,NULL
952,121,P2S,NULL
953,121,P2S,NULL
954,121,P2S,NULL
955,121,P2S,NULL
956,121,P2S,NULL
957,121,P2S,NULL
958,121,P2S,NULL
959,121,P2S,NULL
960,121,P2S,NULL
961,121,P2S,NULL
962,121,P2S,NULL
963,121,P2S,NULL
964,121,P2S,NULL
965,121,P2S,NULL
966,121,P2S,NULL
967,121,P2S,NULL
968,121,P2S,NULL
969,121,P2S,NULL
970,121,P2S,NULL
971,121,P2S,NULL
721,127,I,SimBite
656,131,I,SimBite
871,131,F,NULL
871,132,P,NULL
721,137,F,NULL
562,148,I,SimBite
80,148,I,SimBite
871,162,P2S,NULL
562,176.036962516375,S,NULL
643,179,I,SimBite
721,180.450971283019,S,NULL
652,185,I,SimBite
643,187.563661613732,S,NULL
797,187,I,SimBite
505,193,I,SimBite
505,201.858031127602,S,NULL
741,204,I,SimBite
741,210.313214171678,S,NULL
538,276,I,SimBite
929,296,I,SimBite
665,307,I,SimBite
80,311.356975541327,S,NULL
538,316.181928304605,S,NULL
646,338,I,SimBite
689,345,I,SimBite
646,348.166996717453,S,NULL
625,362,I,SimBite
564,369,I,SimBite
853,369,I,SimBite
816,375,I,SimBite
582,379,I,SimBite
686,383,I,SimBite
595,385,I,SimBite
521,387,I,SimBite
564,387.07469362393,S,NULL
929,393.466369529741,S,NULL
625,402.016395505518,S,NULL
521,411.106516875327,S,NULL
554,433,I,SimBite
503,434,I,SimBite
842,434,I,SimBite
595,439.256735276431,S,NULL
906,443,I,SimBite
887,444,I,SimBite
513,445,I,SimBite
707,448,I,SimBite
554,449.42888635397,S,NULL
5,452.893065013087,PEwane,NULL
106,452.568427665117,PEwane,NULL
118,452.885016872025,PEwane,NULL
183,452.675539463316,PEwane,NULL
250,452.653616140408,PEwane,NULL
296,452.910366487627,PEwane,NULL
332,452.200248825676,PEwane,NULL
363,452.978514739116,PEwane,NULL
21,452.277596409988,PEwane,NULL
53,452.619089958105,PEwane,NULL
422,452.976004762898,PEwane,NULL
423,452.471807555326,PEwane,NULL
101,453.143017214878,PEwane,NULL
103,453.538970588259,PEwane,NULL
104,453.756630282075,PEwane,NULL
105,453.996170557956,PEwane,NULL
115,453.102034595239,PEwane,NULL
120,453.99546603907,PEwane,NULL
134,453.278505547622,PEwane,NULL
136,453.936688760403,PEwane,NULL
149,453.833207503852,PEwane,NULL
151,453.483205508371,PEwane,NULL
155,453.930482547866,PEwane,NULL
166,453.493421118793,PEwane,NULL
173,453.518041875587,PEwane,NULL
182,453.784358140994,PEwane,NULL
184,453.226241030955,PEwane,NULL
189,453.832629081516,PEwane,NULL
196,453.621295681236,PEwane,NULL
206,453.638602493553,PEwane,NULL
211,453.136329102296,PEwane,NULL
212,453.832373751543,PEwane,NULL
221,453.06920746715,PEwane,NULL
222,453.589278955122,PEwane,NULL
233,453.691950215955,PEwane,NULL
240,453.708525762399,PEwane,NULL
246,453.497301902363,PEwane,NULL
262,453.892671104013,PEwane,NULL
263,453.939693342546,PEwane,NULL
276,453.386043338847,PEwane,NULL
299,453.951487747308,PEwane,NULL
304,453.140770361215,PEwane,NULL
305,453.874277858551,PEwane,NULL
311,453.075103904615,PEwane,NULL
317,453.445766750458,PEwane,NULL
321,453.773866968241,PEwane,NULL
336,453.887054764347,PEwane,NULL
356,453.084585440521,PEwane,NULL
357,453.417466530741,PEwane,NULL
13,453.731085158706,PEwane,NULL
22,453.605201506568,PEwane,NULL
370,453.940174016238,PEwane,NULL
24,453.642191589571,PEwane,NULL
32,453.489406768312,PEwane,NULL
37,453.373135818502,PEwane,NULL
391,453.243632405561,PEwane,NULL
45,453.370132804468,PEwane,NULL
54,453.614698951872,PEwane,NULL
57,453.962166990827,PEwane,NULL
62,453.96178813772,PEwane,NULL
71,453.834563402323,PEwane,NULL
74,453.245748783609,PEwane,NULL
84,453.254457201764,PEwane,NULL
87,453.082330643893,PEwane,NULL
97,453.079058983265,PEwane,NULL
403,453.745688505462,PEwane,NULL
406,453.899248021343,PEwane,NULL
411,453.215584678129,PEwane,NULL
425,453.721508170546,PEwane,NULL
426,453.268005799259,PEwane,NULL
442,453.925504018199,PEwane,NULL
451,453.985968825489,PEwane,NULL
465,453.629482654419,PEwane,NULL
474,453.686157193462,PEwane,NULL
481,453.439385655389,PEwane,NULL
482,453.555290893508,PEwane,NULL
486,453.281453802115,PEwane,NULL
493,453.461274653698,PEwane,NULL
2,454.873794536868,PEwane,NULL
4,454.19153304645,PEwane,NULL
9,454.497321094092,PEwane,NULL
109,454.960363431987,PEwane,NULL
110,454.677411813785,PEwane,NULL
121,454.572556762671,PEwane,NULL
122,454.646509445296,PEwane,NULL
126,454.47620749096,PEwane,NULL
130,454.322463554437,PEwane,NULL
132,454.593635846499,PEwane,NULL
133,454.946662862578,PEwane,NULL
147,454.867039580485,PEwane,NULL
148,454.936168011037,PEwane,NULL
152,454.16184203253,PEwane,NULL
153,454.300394110381,PEwane,NULL
159,454.244594839313,PEwane,NULL
164,454.758860840103,PEwane,NULL
171,454.478195195031,PEwane,NULL
176,454.97375586387,PEwane,NULL
177,454.694042239899,PEwane,NULL
180,454.856723534752,PEwane,NULL
181,454.099889446579,PEwane,NULL
191,454.078404918379,PEwane,NULL
198,454.854429121537,PEwane,NULL
201,454.076333498791,PEwane,NULL
205,454.944481297919,PEwane,NULL
208,454.009390557889,PEwane,NULL
215,454.279908502641,PEwane,NULL
216,454.32696787384,PEwane,NULL
217,454.060783924202,PEwane,NULL
223,454.971190272352,PEwane,NULL
224,454.197980085687,PEwane,NULL
226,454.498858085565,PEwane,NULL
231,454.728908830536,PEwane,NULL
237,454.373023353934,PEwane,NULL
239,454.283769218068,PEwane,NULL
244,454.477427187561,PEwane,NULL
248,454.317174537706,PEwane,NULL
258,454.455191210823,PEwane,NULL
261,454.97422739585,PEwane,NULL
264,454.158136569073,PEwane,NULL
267,454.56556889128,PEwane,NULL
269,454.197931603894,PEwane,NULL
270,454.635814074987,PEwane,NULL
272,454.968933304285,PEwane,NULL
274,454.690872399984,PEwane,NULL
277,454.514952775195,PEwane,NULL
278,454.248939755682,PEwane,NULL
280,454.734735313542,PEwane,NULL
281,454.876847321681,PEwane,NULL
285,454.386340484781,PEwane,NULL
291,454.987238995454,PEwane,NULL
294,454.883123531941,PEwane,NULL
308,454.578766538557,PEwane,NULL
309,454.344289785822,PEwane,NULL
310,454.360744602824,PEwane,NULL
314,454.289470530384,PEwane,NULL
315,454.638494682194,PEwane,NULL
316,454.75313550929,PEwane,NULL
319,454.525062538834,PEwane,NULL
322,454.847300293781,PEwane,NULL
324,454.901512353738,PEwane,NULL
326,454.40955665698,PEwane,NULL
327,454.922880854569,PEwane,NULL
328,454.51353232726,PEwane,NULL
329,454.473288684093,PEwane,NULL
330,454.385819619832,PEwane,NULL
333,454.243207284371,PEwane,NULL
334,454.601071843169,PEwane,NULL
340,454.265155016527,PEwane,NULL
10,454.569898090486,PEwane,NULL
361,454.056599858828,PEwane,NULL
362,454.895248739616,PEwane,NULL
15,454.667815686582,PEwane,NULL
16,454.192108102161,PEwane,NULL
364,454.543347183727,PEwane,NULL
27,454.350131102644,PEwane,NULL
28,454.796008674448,PEwane,NULL
376,454.296170417801,PEwane,NULL
33,454.999295812077,PEwane,NULL
34,454.716355283456,PEwane,NULL
36,454.720910635252,PEwane,NULL
385,454.370617329475,PEwane,NULL
42,454.530048579599,PEwane,NULL
44,454.537725810645,PEwane,NULL
393,454.497835026065,PEwane,NULL
397,454.416239680965,PEwane,NULL
398,454.790892771148,PEwane,NULL
50,454.095127410761,PEwane,NULL
51,454.648286153161,PEwane,NULL
52,454.897485781749,PEwane,NULL
56,454.197343785117,PEwane,NULL
60,454.507019759154,PEwane,NULL
63,454.19778454458,PEwane,NULL
65,454.768079423221,PEwane,NULL
67,454.501575160898,PEwane,NULL
68,454.990548173895,PEwane,NULL
70,454.005423924344,PEwane,NULL
73,454.232273224662,PEwane,NULL
77,454.627285554242,PEwane,NULL
79,454.864160682315,PEwane,NULL
80,454.581872430521,PEwane,NULL
83,454.989011716201,PEwane,NULL
86,454.128145163819,PEwane,NULL
89,454.853203579699,PEwane,NULL
90,454.700066259914,PEwane,NULL
93,454.869572051517,PEwane,NULL
94,454.624909663744,PEwane,NULL
95,454.726555965946,PEwane,NULL
96,454.556247202687,PEwane,NULL
98,454.668058241147,PEwane,NULL
402,454.987199917732,PEwane,NULL
407,454.162487586976,PEwane,NULL
408,454.919409316166,PEwane,NULL
409,454.655078022216,PEwane,NULL
412,454.745740997369,PEwane,NULL
413,454.933855571504,PEwane,NULL
415,454.694546995992,PEwane,NULL
419,454.38502805555,PEwane,NULL
421,454.101043438333,PEwane,NULL
424,454.792941464168,PEwane,NULL
428,454.338815311307,PEwane,NULL
435,454.580689168581,PEwane,NULL
438,454.29731332861,PEwane,NULL
445,454.825195245484,PEwane,NULL
450,454.710589809203,PEwane,NULL
453,454.20611108794,PEwane,NULL
458,454.598319176489,PEwane,NULL
461,454.044478453561,PEwane,NULL
466,454.307007965701,PEwane,NULL
471,454.748844395516,PEwane,NULL
472,454.572540080077,PEwane,NULL
473,454.927428581876,PEwane,NULL
476,454.819214383971,PEwane,NULL
478,454.354743269563,PEwane,NULL
479,454.152638557846,PEwane,NULL
484,454.158785962321,PEwane,NULL
490,454.59279993385,PEwane,NULL
491,454.729210172778,PEwane,NULL
492,454.730064432102,PEwane,NULL
494,454.549857264161,PEwane,NULL
499,454.527841724381,PEwane,NULL
1,455.135938379156,PEwane,NULL
3,455.4761427799,PEwane,NULL
6,455.818883386926,PEwane,NULL
7,455.911804347335,PEwane,NULL
8,455.87959697328,PEwane,NULL
102,455.426988593851,PEwane,NULL
107,455.699567890682,PEwane,NULL
108,455.929910812487,PEwane,NULL
112,455.088078814528,PEwane,NULL
114,455.696049639209,PEwane,NULL
116,455.107798438497,PEwane,NULL
117,455.128786088218,PEwane,NULL
119,455.812174780191,PEwane,NULL
124,455.486785088938,PEwane,NULL
127,455.50871380483,PEwane,NULL
128,455.801897787743,PEwane,NULL
131,455.367901431099,PEwane,NULL
135,455.918638576177,PEwane,NULL
138,455.770779402785,PEwane,NULL
139,455.55586659349,PEwane,NULL
141,455.245716625698,PEwane,NULL
142,455.720136682624,PEwane,NULL
143,455.086768404782,PEwane,NULL
146,455.216795355692,PEwane,NULL
154,455.362826864784,PEwane,NULL
156,455.171205501561,PEwane,NULL
157,455.398890717878,PEwane,NULL
158,455.471722952571,PEwane,NULL
163,455.930241563453,PEwane,NULL
165,455.303099587458,PEwane,NULL
167,455.401486936963,PEwane,NULL
168,455.512521390272,PEwane,NULL
169,455.322208335341,PEwane,NULL
170,455.422227880872,PEwane,NULL
172,455.28385417619,PEwane,NULL
174,455.991731852709,PEwane,NULL
175,455.417233928573,PEwane,NULL
178,455.362648167316,PEwane,NULL
185,455.916736214851,PEwane,NULL
187,455.303959496492,PEwane,NULL
188,455.423443635799,PEwane,NULL
190,455.712997564339,PEwane,NULL
192,455.537775108938,PEwane,NULL
195,455.353928089544,PEwane,NULL
197,455.376174699979,PEwane,NULL
199,455.002148943377,PEwane,NULL
203,455.045710707875,PEwane,NULL
204,455.105677392083,PEwane,NULL
207,455.444077710818,PEwane,NULL
210,455.167010251577,PEwane,NULL
214,455.460140701939,PEwane,NULL
219,455.169274385455,PEwane,NULL
220,455.241551636698,PEwane,NULL
225,455.912404356664,PEwane,NULL
227,455.603849727221,PEwane,NULL
228,455.081425553449,PEwane,NULL
229,455.948168806274,PEwane,NULL
234,455.196192768961,PEwane,NULL
238,455.566216153758,PEwane,NULL
242,455.195995383276,PEwane,NULL
247,455.163097210753,PEwane,NULL
251,455.84121086716,PEwane,NULL
252,455.579595316746,PEwane,NULL
253,455.828859874096,PEwane,NULL
254,455.572109017934,PEwane,NULL
255,455.810235243165,PEwane,NULL
256,455.180105859276,PEwane,NULL
257,455.672030379434,PEwane,NULL
259,455.430720117864,PEwane,NULL
260,455.852797689535,PEwane,NULL
266,455.226143250635,PEwane,NULL
268,455.478823848259,PEwane,NULL
271,455.392790591646,PEwane,NULL
273,455.163782165166,PEwane,NULL
279,455.014495981842,PEwane,NULL
282,455.651036397795,PEwane,NULL
283,455.382418894786,PEwane,NULL
287,455.384146529798,PEwane,NULL
290,455.01256947465,PEwane,NULL
292,455.061520805247,PEwane,NULL
293,455.124560166181,PEwane,NULL
297,455.006995840964,PEwane,NULL
300,455.459792949187,PEwane,NULL
302,455.892240868784,PEwane,NULL
306,455.330782837954,PEwane,NULL
307,455.902113419508,PEwane,NULL
318,455.752243469622,PEwane,NULL
320,455.208707295086,PEwane,NULL
325,455.813921785304,PEwane,NULL
337,455.331621887149,PEwane,NULL
338,455.094207795427,PEwane,NULL
345,455.259582781044,PEwane,NULL
347,455.572755808385,PEwane,NULL
348,455.261721851657,PEwane,NULL
349,455.140189729856,PEwane,NULL
350,455.559438468445,PEwane,NULL
353,455.085703415689,PEwane,NULL
354,455.224732853088,PEwane,NULL
358,455.034344729095,PEwane,NULL
359,455.58095963061,PEwane,NULL
14,455.978367661663,PEwane,NULL
17,455.117491577459,PEwane,NULL
18,455.621224908852,PEwane,NULL
366,455.160985530715,PEwane,NULL
19,455.812633418188,PEwane,NULL
367,455.349077136223,PEwane,NULL
369,455.138084856338,PEwane,NULL
20,455.064368521364,PEwane,NULL
23,455.202623340927,PEwane,NULL
371,455.61052071701,PEwane,NULL
372,455.11102654651,PEwane,NULL
373,455.576757756191,PEwane,NULL
375,455.578314388777,PEwane,NULL
29,455.585239034294,PEwane,NULL
377,455.081234850906,PEwane,NULL
378,455.920204874078,PEwane,NULL
379,455.585720030745,PEwane,NULL
30,455.166699394528,PEwane,NULL
31,455.603947009904,PEwane,NULL
380,455.931692784332,PEwane,NULL
381,455.181565876428,PEwane,NULL
382,455.278267577529,PEwane,NULL
35,455.735642895019,PEwane,NULL
38,455.936924223214,PEwane,NULL
386,455.122757335501,PEwane,NULL
39,455.797162864801,PEwane,NULL
387,455.569817046394,PEwane,NULL
388,455.499341510198,PEwane,NULL
389,455.149423398014,PEwane,NULL
40,455.497478075508,PEwane,NULL
390,455.375368586884,PEwane,NULL
43,455.087015536599,PEwane,NULL
46,455.455205586828,PEwane,NULL
48,455.26043200983,PEwane,NULL
396,455.638728704697,PEwane,NULL
49,455.057484158735,PEwane,NULL
399,455.811246073834,PEwane,NULL
55,455.034440474619,PEwane,NULL
58,455.096817037416,PEwane,NULL
59,455.604148899832,PEwane,NULL
64,455.942533249572,PEwane,NULL
66,455.393342309037,PEwane,NULL
69,455.090386770007,PEwane,NULL
72,455.58448844498,PEwane,NULL
76,455.299187068531,PEwane,NULL
78,455.158664048631,PEwane,NULL
82,455.167018015859,PEwane,NULL
85,455.627845636942,PEwane,NULL
88,455.842893915227,PEwane,NULL
887,455.840796656907,S,NULL
91,455.222356740389,PEwane,NULL
92,455.907533374375,PEwane,NULL
99,455.858576947104,PEwane,NULL
400,455.829967972101,PEwane,NULL
405,455.740763346671,PEwane,NULL
410,455.093408990243,PEwane,NULL
414,455.453857121879,PEwane,NULL
416,455.423628043991,PEwane,NULL
418,455.069976541322,PEwane,NULL
427,455.222231400295,PEwane,NULL
432,455.21730617482,PEwane,NULL
433,455.268518464698,PEwane,NULL
436,455.293964423542,PEwane,NULL
437,455.356888366685,PEwane,NULL
439,455.888398490014,PEwane,NULL
440,455.321707441749,PEwane,NULL
444,455.060827277473,PEwane,NULL
446,455.065327607118,PEwane,NULL
447,455.111695387765,PEwane,NULL
448,455.449790830444,PEwane,NULL
455,455.364140963343,PEwane,NULL
456,455.668119924421,PEwane,NULL
457,455.151387903647,PEwane,NULL
460,455.869053470829,PEwane,NULL
462,455.121325520813,PEwane,NULL
463,455.335087189195,PEwane,NULL
468,455.103135485444,PEwane,NULL
470,455.229041271572,PEwane,NULL
475,455.551999750262,PEwane,NULL
477,455.787111100376,PEwane,NULL
483,455.530777932849,PEwane,NULL
485,455.383041887469,PEwane,NULL
488,455.484703897115,PEwane,NULL
489,455.633319024411,PEwane,NULL
495,455.013735795928,PEwane,NULL
496,455.602442345257,PEwane,NULL
498,455.699443279648,PEwane,NULL
100,456.091953711746,PEwane,NULL
111,456.436040783563,PEwane,NULL
113,456.135619234823,PEwane,NULL
123,456.896330603141,PEwane,NULL
125,456.152464614812,PEwane,NULL
129,456.180325678842,PEwane,NULL
137,456.793912657361,PEwane,NULL
140,456.70168173067,PEwane,NULL
144,456.345444644,PEwane,NULL
145,456.059036437387,PEwane,NULL
150,456.300452118201,PEwane,NULL
160,456.303876807259,PEwane,NULL
162,456.246730734739,PEwane,NULL
179,456.675998706368,PEwane,NULL
186,456.344967206463,PEwane,NULL
193,456.669729716519,PEwane,NULL
194,456.251860607903,PEwane,NULL
200,456.899912238318,PEwane,NULL
202,456.184535355991,PEwane,NULL
209,456.088522154083,PEwane,NULL
218,456.465434351701,PEwane,NULL
230,456.687000903241,PEwane,NULL
232,456.079891854135,PEwane,NULL
235,456.707660208974,PEwane,NULL
236,456.508359479055,PEwane,NULL
241,456.822305047306,PEwane,NULL
243,456.636363588777,PEwane,NULL
245,456.915800135811,PEwane,NULL
249,456.533910874126,PEwane,NULL
265,456.3520627639,PEwane,NULL
275,456.197541399205,PEwane,NULL
284,456.110581153423,PEwane,NULL
288,456.496015760209,PEwane,NULL
289,456.724125790978,PEwane,NULL
295,456.615064778715,PEwane,NULL
298,456.368353915256,PEwane,NULL
301,456.246468879533,PEwane,NULL
312,456.726045894963,PEwane,NULL
313,456.193058380281,PEwane,NULL
323,456.403218260733,PEwane,NULL
335,456.460480659154,PEwane,NULL
339,456.146634167167,PEwane,NULL
341,456.382477527522,PEwane,NULL
342,456.121803465195,PEwane,NULL
344,456.244054599102,PEwane,NULL
346,456.229451702642,PEwane,NULL
351,456.290977625526,PEwane,NULL
352,456.380480783285,PEwane,NULL
355,456.613956518681,PEwane,NULL
11,456.122713515124,PEwane,NULL
360,456.024864837021,PEwane,NULL
365,456.43559240596,PEwane,NULL
368,456.359793250807,PEwane,NULL
25,456.025841087881,PEwane,NULL
374,456.739834091059,PEwane,NULL
392,456.096026429754,PEwane,NULL
394,456.49201342102,PEwane,NULL
47,456.649731627151,PEwane,NULL
395,456.671115915254,PEwane,NULL
75,456.867370416553,PEwane,NULL
81,456.487910177795,PEwane,NULL
401,456.382444124831,PEwane,NULL
404,456.037417425953,PEwane,NULL
417,456.214591630677,PEwane,NULL
420,456.453210588847,PEwane,NULL
429,456.290892562722,PEwane,NULL
430,456.330211023031,PEwane,NULL
431,456.497472126395,PEwane,NULL
434,456.014007930864,PEwane,NULL
441,456.137979726388,PEwane,NULL
443,456.140446939006,PEwane,NULL
449,456.331985609736,PEwane,NULL
452,456.0289752154,PEwane,NULL
454,456.514340281865,PEwane,NULL
459,456.863816192984,PEwane,NULL
464,456.667781499874,PEwane,NULL
467,456.052847651465,PEwane,NULL
469,456.016869712184,PEwane,NULL
480,456.334822587713,PEwane,NULL
487,456.138008271347,PEwane,NULL
497,456.288395679852,PEwane,NULL
161,457.573869484446,PEwane,NULL
286,457.457138057514,PEwane,NULL
303,457.082831764447,PEwane,NULL
331,457.513889804939,PEwane,NULL
343,457.826536770565,PEwane,NULL
12,457.384073772145,PEwane,NULL
383,457.217607507375,PEwane,NULL
384,457.154159549813,PEwane,NULL
41,457.694458942162,PEwane,NULL
61,457.17857234807,PEwane,NULL
797,462.608235961738,S,NULL
538,469,I,SimBite
842,470.346482206136,S,NULL
742,474,I,SimBite
795,476,I,SimBite
880,476,I,SimBite
558,477,I,SimBite
725,477,I,SimBite
768,480,I,SimBite
510,482,I,SimBite
795,486,F,NULL
951,505,I,SimBite
795,526.121062342077,S,NULL
965,529,I,SimBite
501,533,I,SimBite
844,535,I,SimBite
704,548,I,SimBite
882,551,I,SimBite
582,556.896884294999,S,NULL
558,558.643106974661,S,NULL
108,559,I,SimBite
931,561,I,SimBite
695,564,I,SimBite
747,565,I,SimBite
454,565,I,SimBite
514,568,I,SimBite
816,573.926585904303,S,NULL
747,575.091174021363,S,NULL
381,576,I,SimBite
724,581,I,SimBite
707,585.238240428269,S,NULL
695,588.636186845601,S,NULL
951,591.939031630754,S,NULL
710,592,I,SimBite
563,593,I,SimBite
671,601,I,SimBite
808,601,I,SimBite
922,602,I,SimBite
842,605,I,SimBite
842,605.382426978178,S,NULL
591,606,I,SimBite
654,606,I,SimBite
381,607.727673874926,S,NULL
671,611,F,NULL
783,611,I,SimBite
514,612.919659662992,S,NULL
299,616,I,SimBite
912,620,I,SimBite
307,621,I,SimBite
566,627,I,SimBite
704,628.658911518258,S,NULL
907,634,I,SimBite
563,640.895810566843,S,NULL
743,641,I,SimBite
922,643.924282512998,S,NULL
681,649,I,SimBite
808,651.686973163972,S,NULL
912,652.907973602414,S,NULL
990,653,I,SimBite
560,653,I,SimBite
742,655.302840812511,S,NULL
936,664,I,SimBite
822,667,I,SimBite
880,670.145283653381,S,NULL
715,678,I,SimBite
834,681,I,SimBite
652,686.261832167335,S,NULL
647,688,I,SimBite
715,688,F,NULL
562,691,I,SimBite
818,693,I,SimBite
681,694.406006462872,S,NULL
449,694,I,SimBite
501,696.857723391595,S,NULL
965,696.846973045709,S,NULL
553,697,I,SimBite
663,697,I,SimBite
212,700,I,SimBite
299,703.229928365171,S,NULL
818,703,F,NULL
882,704.08107255368,S,NULL
715,707.73208536466,S,NULL
990,711.179784938693,S,NULL
686,712.177828488832,S,NULL
634,716,I,SimBite
449,717.397441674024,S,NULL
822,725.869488816708,S,NULL
907,725.473369393498,S,NULL
914,725,I,SimBite
560,729.559289722373,S,NULL
917,730,I,SimBite
821,732,I,SimBite
515,733,I,SimBite
866,733,I,SimBite
515,734.965855434537,S,NULL
917,734.918788559735,S,NULL
914,735,F,NULL
914,736,P,NULL
609,738,I,SimBite
585,739,I,SimBite
342,739,I,SimBite
706,741,I,SimBite
635,742,I,SimBite
212,745.42791666463,S,NULL
725,745.533822513166,S,NULL
930,749,I,SimBite
635,752,F,NULL
635,753,P,NULL
278,759,I,SimBite
818,759.301453628483,S,NULL
930,759,F,NULL
914,766,P2S,NULL
102,768,I,SimBite
710,770.874294078889,S,NULL
645,773,I,SimBite
645,773.45358441185,S,NULL
710,774,I,SimBite
677,775,I,SimBite
683,777,I,SimBite
492,778,I,SimBite
665,780.48356132669,S,NULL
635,783,P2S,NULL
783,785.121530161175,S,NULL
609,789.395441312343,S,NULL
239,790,I,SimBite
638,796,I,SimBite
553,799.292860392481,S,NULL
621,799,I,SimBite
108,800.093949778917,S,NULL
768,800.797797648196,S,NULL
837,802,I,SimBite
583,803,I,SimBite
654,805.896456479075,S,NULL
834,805.39672620967,S,NULL
934,807,I,SimBite
514,808,I,SimBite
983,810,I,SimBite
342,813.522684597228,S,NULL
946,815,I,SimBite
149,816,I,SimBite
983,820,F,NULL
983,821,P,NULL
853,822.129627157874,S,NULL
928,822,I,SimBite
530,824,I,SimBite
239,825.265854670676,S,NULL
647,826.14390283078,S,NULL
813,828,I,SimBite
988,830,I,SimBite
530,834,F,NULL
530,835,P,NULL
575,835,I,SimBite
324,836,I,SimBite
307,837.650144528247,S,NULL
513,838.613326532726,S,NULL
537,839,I,SimBite
675,845,I,SimBite
789,848,I,SimBite
